-- phpMyAdmin SQL Dump
-- version 4.9.0.1
-- https://www.phpmyadmin.net/
--
-- Host: sql110.byetcluster.com
-- Generation Time: Apr 23, 2025 at 10:10 AM
-- Server version: 10.11.9-MariaDB
-- PHP Version: 7.2.22

SET SQL_MODE = "NO_AUTO_VALUE_ON_ZERO";
SET AUTOCOMMIT = 0;
START TRANSACTION;
SET time_zone = "+00:00";


/*!40101 SET @OLD_CHARACTER_SET_CLIENT=@@CHARACTER_SET_CLIENT */;
/*!40101 SET @OLD_CHARACTER_SET_RESULTS=@@CHARACTER_SET_RESULTS */;
/*!40101 SET @OLD_COLLATION_CONNECTION=@@COLLATION_CONNECTION */;
/*!40101 SET NAMES utf8mb4 */;

--
-- Database: `if0_38789862_attendence_system`
--

-- --------------------------------------------------------

--
-- Table structure for table `attendance`
--

CREATE TABLE `attendance` (
  `id` int(11) NOT NULL,
  `student_id` int(11) NOT NULL,
  `subject_id` int(11) NOT NULL COMMENT 'FK to subjects.id',
  `section_id` int(11) NOT NULL COMMENT 'FK to sections.id',
  `date` date NOT NULL,
  `status` enum('present','absent') NOT NULL,
  `marked_by` int(11) NOT NULL,
  `created_at` timestamp NOT NULL DEFAULT current_timestamp()
) ENGINE=InnoDB DEFAULT CHARSET=utf8mb4 COLLATE=utf8mb4_general_ci;

--
-- Dumping data for table `attendance`
--

INSERT INTO `attendance` (`id`, `student_id`, `subject_id`, `section_id`, `date`, `status`, `marked_by`, `created_at`) VALUES
(1, 201, 3, 1, '2025-03-25', 'present', 11, '2025-04-21 16:47:31'),
(2, 202, 3, 1, '2025-03-25', 'present', 11, '2025-04-21 16:47:31'),
(3, 203, 3, 1, '2025-03-25', 'absent', 11, '2025-04-21 16:47:31'),
(4, 204, 3, 1, '2025-03-25', 'present', 11, '2025-04-21 16:47:31'),
(5, 205, 3, 1, '2025-03-25', 'present', 11, '2025-04-21 16:47:31'),
(6, 201, 3, 1, '2025-03-28', 'absent', 11, '2025-04-21 16:47:31'),
(7, 202, 3, 1, '2025-03-28', 'present', 11, '2025-04-21 16:47:31'),
(8, 203, 3, 1, '2025-03-28', 'present', 11, '2025-04-21 16:47:31'),
(9, 204, 3, 1, '2025-03-28', 'present', 11, '2025-04-21 16:47:31'),
(10, 205, 3, 1, '2025-03-28', 'present', 11, '2025-04-21 16:47:31'),
(11, 201, 3, 1, '2025-04-01', 'present', 11, '2025-04-21 16:47:31'),
(12, 202, 3, 1, '2025-04-01', 'present', 11, '2025-04-21 16:47:31'),
(13, 203, 3, 1, '2025-04-01', 'present', 11, '2025-04-21 16:47:31'),
(14, 204, 3, 1, '2025-04-01', 'absent', 11, '2025-04-21 16:47:31'),
(15, 205, 3, 1, '2025-04-01', 'present', 11, '2025-04-21 16:47:31'),
(16, 201, 3, 1, '2025-04-04', 'present', 11, '2025-04-21 16:47:31'),
(17, 202, 3, 1, '2025-04-04', 'absent', 11, '2025-04-21 16:47:31'),
(18, 203, 3, 1, '2025-04-04', 'present', 11, '2025-04-21 16:47:31'),
(19, 204, 3, 1, '2025-04-04', 'present', 11, '2025-04-21 16:47:31'),
(20, 205, 3, 1, '2025-04-04', 'present', 11, '2025-04-21 16:47:31'),
(21, 201, 3, 1, '2025-04-08', 'present', 11, '2025-04-21 16:47:31'),
(22, 202, 3, 1, '2025-04-08', 'present', 11, '2025-04-21 16:47:31'),
(23, 203, 3, 1, '2025-04-08', 'present', 11, '2025-04-21 16:47:31'),
(24, 204, 3, 1, '2025-04-08', 'present', 11, '2025-04-21 16:47:31'),
(25, 205, 3, 1, '2025-04-08', 'absent', 11, '2025-04-21 16:47:31'),
(26, 206, 8, 1, '2025-03-26', 'present', 12, '2025-04-21 16:47:31'),
(27, 207, 8, 1, '2025-03-26', 'present', 12, '2025-04-21 16:47:31'),
(28, 208, 8, 1, '2025-03-26', 'absent', 12, '2025-04-21 16:47:31'),
(29, 209, 8, 1, '2025-03-26', 'present', 12, '2025-04-21 16:47:31'),
(30, 210, 8, 1, '2025-03-26', 'present', 12, '2025-04-21 16:47:31'),
(31, 206, 8, 1, '2025-03-29', 'present', 12, '2025-04-21 16:47:31'),
(32, 207, 8, 1, '2025-03-29', 'absent', 12, '2025-04-21 16:47:31'),
(33, 208, 8, 1, '2025-03-29', 'present', 12, '2025-04-21 16:47:31'),
(34, 209, 8, 1, '2025-03-29', 'present', 12, '2025-04-21 16:47:31'),
(35, 210, 8, 1, '2025-03-29', 'present', 12, '2025-04-21 16:47:31'),
(36, 206, 8, 1, '2025-04-02', 'present', 12, '2025-04-21 16:47:31'),
(37, 207, 8, 1, '2025-04-02', 'present', 12, '2025-04-21 16:47:31'),
(38, 208, 8, 1, '2025-04-02', 'present', 12, '2025-04-21 16:47:31'),
(39, 209, 8, 1, '2025-04-02', 'absent', 12, '2025-04-21 16:47:31'),
(40, 210, 8, 1, '2025-04-02', 'present', 12, '2025-04-21 16:47:31'),
(41, 206, 8, 1, '2025-04-05', 'present', 12, '2025-04-21 16:47:31'),
(42, 207, 8, 1, '2025-04-05', 'present', 12, '2025-04-21 16:47:31'),
(43, 208, 8, 1, '2025-04-05', 'present', 12, '2025-04-21 16:47:31'),
(44, 209, 8, 1, '2025-04-05', 'present', 12, '2025-04-21 16:47:31'),
(45, 210, 8, 1, '2025-04-05', 'absent', 12, '2025-04-21 16:47:31'),
(46, 206, 8, 1, '2025-04-09', 'absent', 12, '2025-04-21 16:47:31'),
(47, 207, 8, 1, '2025-04-09', 'present', 12, '2025-04-21 16:47:31'),
(48, 208, 8, 1, '2025-04-09', 'present', 12, '2025-04-21 16:47:31'),
(49, 209, 8, 1, '2025-04-09', 'present', 12, '2025-04-21 16:47:31'),
(50, 210, 8, 1, '2025-04-09', 'present', 12, '2025-04-21 16:47:31'),
(51, 211, 10, 1, '2025-03-27', 'present', 13, '2025-04-21 16:47:31'),
(52, 212, 10, 1, '2025-03-27', 'absent', 13, '2025-04-21 16:47:31'),
(53, 213, 10, 1, '2025-03-27', 'present', 13, '2025-04-21 16:47:31'),
(54, 214, 10, 1, '2025-03-27', 'present', 13, '2025-04-21 16:47:31'),
(55, 215, 10, 1, '2025-03-27', 'present', 13, '2025-04-21 16:47:31'),
(56, 211, 10, 1, '2025-03-31', 'present', 13, '2025-04-21 16:47:31'),
(57, 212, 10, 1, '2025-03-31', 'present', 13, '2025-04-21 16:47:31'),
(58, 213, 10, 1, '2025-03-31', 'present', 13, '2025-04-21 16:47:31'),
(59, 214, 10, 1, '2025-03-31', 'absent', 13, '2025-04-21 16:47:31'),
(60, 215, 10, 1, '2025-03-31', 'present', 13, '2025-04-21 16:47:31'),
(61, 211, 10, 1, '2025-04-03', 'present', 13, '2025-04-21 16:47:31'),
(62, 212, 10, 1, '2025-04-03', 'present', 13, '2025-04-21 16:47:31'),
(63, 213, 10, 1, '2025-04-03', 'absent', 13, '2025-04-21 16:47:31'),
(64, 214, 10, 1, '2025-04-03', 'present', 13, '2025-04-21 16:47:31'),
(65, 215, 10, 1, '2025-04-03', 'present', 13, '2025-04-21 16:47:31'),
(66, 211, 10, 1, '2025-04-07', 'absent', 13, '2025-04-21 16:47:31'),
(67, 212, 10, 1, '2025-04-07', 'present', 13, '2025-04-21 16:47:31'),
(68, 213, 10, 1, '2025-04-07', 'present', 13, '2025-04-21 16:47:31'),
(69, 214, 10, 1, '2025-04-07', 'present', 13, '2025-04-21 16:47:31'),
(70, 215, 10, 1, '2025-04-07', 'present', 13, '2025-04-21 16:47:31'),
(71, 211, 10, 1, '2025-04-10', 'present', 13, '2025-04-21 16:47:31'),
(72, 212, 10, 1, '2025-04-10', 'present', 13, '2025-04-21 16:47:31'),
(73, 213, 10, 1, '2025-04-10', 'present', 13, '2025-04-21 16:47:31'),
(74, 214, 10, 1, '2025-04-10', 'present', 13, '2025-04-21 16:47:31'),
(75, 215, 10, 1, '2025-04-10', 'absent', 13, '2025-04-21 16:47:31'),
(76, 276, 5, 4, '2025-03-25', 'present', 17, '2025-04-21 16:47:31'),
(77, 277, 5, 4, '2025-03-25', 'present', 17, '2025-04-21 16:47:31'),
(78, 276, 5, 4, '2025-03-27', 'absent', 17, '2025-04-21 16:47:31'),
(79, 277, 5, 4, '2025-03-27', 'present', 17, '2025-04-21 16:47:31'),
(80, 276, 5, 4, '2025-03-29', 'present', 17, '2025-04-21 16:47:31'),
(81, 277, 5, 4, '2025-03-29', 'present', 17, '2025-04-21 16:47:31'),
(82, 276, 5, 4, '2025-03-31', 'present', 17, '2025-04-21 16:47:31'),
(83, 277, 5, 4, '2025-03-31', 'absent', 17, '2025-04-21 16:47:31'),
(84, 276, 5, 4, '2025-04-02', 'present', 17, '2025-04-21 16:47:31'),
(85, 277, 5, 4, '2025-04-02', 'present', 17, '2025-04-21 16:47:31'),
(86, 276, 5, 4, '2025-04-04', 'present', 17, '2025-04-21 16:47:31'),
(87, 277, 5, 4, '2025-04-04', 'present', 17, '2025-04-21 16:47:31'),
(88, 276, 5, 4, '2025-04-07', 'absent', 17, '2025-04-21 16:47:31'),
(89, 277, 5, 4, '2025-04-07', 'present', 17, '2025-04-21 16:47:31'),
(90, 276, 5, 4, '2025-04-09', 'present', 17, '2025-04-21 16:47:31'),
(91, 277, 5, 4, '2025-04-09', 'absent', 17, '2025-04-21 16:47:31'),
(92, 276, 5, 4, '2025-04-11', 'present', 17, '2025-04-21 16:47:31'),
(93, 277, 5, 4, '2025-04-11', 'present', 17, '2025-04-21 16:47:31'),
(94, 276, 5, 4, '2025-04-14', 'present', 17, '2025-04-21 16:47:31'),
(95, 277, 5, 4, '2025-04-14', 'present', 17, '2025-04-21 16:47:31'),
(96, 276, 5, 4, '2025-04-16', 'absent', 17, '2025-04-21 16:47:31'),
(97, 277, 5, 4, '2025-04-16', 'present', 17, '2025-04-21 16:47:31'),
(98, 276, 5, 4, '2025-04-18', 'present', 17, '2025-04-21 16:47:31'),
(99, 277, 5, 4, '2025-04-18', 'present', 17, '2025-04-21 16:47:31'),
(100, 276, 5, 4, '2025-04-21', 'present', 17, '2025-04-21 16:47:31'),
(101, 277, 5, 4, '2025-04-21', 'absent', 17, '2025-04-21 16:47:31'),
(102, 276, 5, 4, '2025-04-23', 'present', 17, '2025-04-21 16:47:31'),
(103, 277, 5, 4, '2025-04-23', 'present', 17, '2025-04-21 16:47:31'),
(104, 276, 5, 4, '2025-04-25', 'present', 17, '2025-04-21 16:47:31'),
(105, 277, 5, 4, '2025-04-25', 'present', 17, '2025-04-21 16:47:31'),
(106, 278, 6, 5, '2025-03-26', 'absent', 18, '2025-04-21 16:47:31'),
(107, 279, 6, 5, '2025-03-26', 'present', 18, '2025-04-21 16:47:31'),
(108, 278, 6, 5, '2025-03-28', 'present', 18, '2025-04-21 16:47:31'),
(109, 279, 6, 5, '2025-03-28', 'present', 18, '2025-04-21 16:47:31'),
(110, 278, 6, 5, '2025-03-30', 'present', 18, '2025-04-21 16:47:31'),
(111, 279, 6, 5, '2025-03-30', 'present', 18, '2025-04-21 16:47:31'),
(112, 278, 6, 5, '2025-04-01', 'present', 18, '2025-04-21 16:47:31'),
(113, 279, 6, 5, '2025-04-01', 'absent', 18, '2025-04-21 16:47:31'),
(114, 278, 6, 5, '2025-04-03', 'present', 18, '2025-04-21 16:47:31'),
(115, 279, 6, 5, '2025-04-03', 'present', 18, '2025-04-21 16:47:31'),
(116, 278, 6, 5, '2025-04-06', 'absent', 18, '2025-04-21 16:47:31'),
(117, 279, 6, 5, '2025-04-06', 'present', 18, '2025-04-21 16:47:31'),
(118, 278, 6, 5, '2025-04-08', 'present', 18, '2025-04-21 16:47:31'),
(119, 279, 6, 5, '2025-04-08', 'present', 18, '2025-04-21 16:47:31'),
(120, 278, 6, 5, '2025-04-10', 'present', 18, '2025-04-21 16:47:31'),
(121, 279, 6, 5, '2025-04-10', 'absent', 18, '2025-04-21 16:47:31'),
(122, 278, 6, 5, '2025-04-13', 'present', 18, '2025-04-21 16:47:31'),
(123, 279, 6, 5, '2025-04-13', 'present', 18, '2025-04-21 16:47:31'),
(124, 278, 6, 5, '2025-04-15', 'present', 18, '2025-04-21 16:47:31'),
(125, 279, 6, 5, '2025-04-15', 'present', 18, '2025-04-21 16:47:31'),
(126, 278, 6, 5, '2025-04-17', 'absent', 18, '2025-04-21 16:47:31'),
(127, 279, 6, 5, '2025-04-17', 'present', 18, '2025-04-21 16:47:31'),
(128, 278, 6, 5, '2025-04-20', 'present', 18, '2025-04-21 16:47:31'),
(129, 279, 6, 5, '2025-04-20', 'present', 18, '2025-04-21 16:47:31'),
(130, 278, 6, 5, '2025-04-22', 'present', 18, '2025-04-21 16:47:31'),
(131, 279, 6, 5, '2025-04-22', 'absent', 18, '2025-04-21 16:47:31'),
(132, 278, 6, 5, '2025-04-24', 'present', 18, '2025-04-21 16:47:31'),
(133, 279, 6, 5, '2025-04-24', 'present', 18, '2025-04-21 16:47:31'),
(134, 278, 6, 5, '2025-04-25', 'present', 18, '2025-04-21 16:47:31'),
(135, 279, 6, 5, '2025-04-25', 'absent', 18, '2025-04-21 16:47:31'),
(137, 201, 3, 1, '2025-03-27', 'present', 11, '2025-04-21 18:54:52'),
(139, 201, 3, 1, '2025-04-03', 'present', 11, '2025-04-21 18:54:52'),
(141, 201, 3, 1, '2025-04-10', 'present', 11, '2025-04-21 18:54:52'),
(142, 201, 3, 1, '2025-04-15', 'present', 11, '2025-04-21 18:54:52'),
(143, 201, 3, 1, '2025-04-17', 'present', 11, '2025-04-21 18:54:52'),
(144, 201, 3, 1, '2025-04-22', 'present', 11, '2025-04-21 18:54:52'),
(145, 201, 3, 1, '2025-04-24', 'present', 11, '2025-04-21 18:54:52'),
(147, 202, 3, 1, '2025-03-27', 'present', 11, '2025-04-21 18:54:52'),
(149, 202, 3, 1, '2025-04-03', 'absent', 11, '2025-04-21 18:54:52'),
(151, 202, 3, 1, '2025-04-10', 'present', 11, '2025-04-21 18:54:52'),
(152, 202, 3, 1, '2025-04-15', 'present', 11, '2025-04-21 18:54:52'),
(153, 202, 3, 1, '2025-04-17', 'present', 11, '2025-04-21 18:54:52'),
(154, 202, 3, 1, '2025-04-22', 'present', 11, '2025-04-21 18:54:52'),
(155, 202, 3, 1, '2025-04-24', 'present', 11, '2025-04-21 18:54:52'),
(157, 203, 3, 1, '2025-03-27', 'present', 11, '2025-04-21 18:54:52'),
(159, 203, 3, 1, '2025-04-03', 'absent', 11, '2025-04-21 18:54:52'),
(161, 203, 3, 1, '2025-04-10', 'present', 11, '2025-04-21 18:54:52'),
(162, 203, 3, 1, '2025-04-15', 'present', 11, '2025-04-21 18:54:52'),
(163, 203, 3, 1, '2025-04-17', 'absent', 11, '2025-04-21 18:54:52'),
(164, 203, 3, 1, '2025-04-22', 'present', 11, '2025-04-21 18:54:52'),
(165, 203, 3, 1, '2025-04-24', 'present', 11, '2025-04-21 18:54:52'),
(167, 204, 3, 1, '2025-03-27', 'absent', 11, '2025-04-21 18:54:52'),
(169, 204, 3, 1, '2025-04-03', 'present', 11, '2025-04-21 18:54:52'),
(171, 204, 3, 1, '2025-04-10', 'present', 11, '2025-04-21 18:54:52'),
(172, 204, 3, 1, '2025-04-15', 'present', 11, '2025-04-21 18:54:52'),
(173, 204, 3, 1, '2025-04-17', 'present', 11, '2025-04-21 18:54:52'),
(174, 204, 3, 1, '2025-04-22', 'present', 11, '2025-04-21 18:54:52'),
(175, 204, 3, 1, '2025-04-24', 'absent', 11, '2025-04-21 18:54:52'),
(177, 205, 3, 1, '2025-03-27', 'present', 11, '2025-04-21 18:54:52'),
(179, 205, 3, 1, '2025-04-03', 'present', 11, '2025-04-21 18:54:52'),
(181, 205, 3, 1, '2025-04-10', 'present', 11, '2025-04-21 18:54:52'),
(182, 205, 3, 1, '2025-04-15', 'present', 11, '2025-04-21 18:54:52'),
(183, 205, 3, 1, '2025-04-17', 'present', 11, '2025-04-21 18:54:52'),
(184, 205, 3, 1, '2025-04-22', 'present', 11, '2025-04-21 18:54:52'),
(185, 205, 3, 1, '2025-04-24', 'absent', 11, '2025-04-21 18:54:52'),
(186, 251, 4, 3, '2025-03-26', 'present', 19, '2025-04-21 18:54:52'),
(187, 251, 4, 3, '2025-03-28', 'present', 19, '2025-04-21 18:54:52'),
(188, 251, 4, 3, '2025-04-02', 'present', 19, '2025-04-21 18:54:52'),
(189, 251, 4, 3, '2025-04-04', 'present', 19, '2025-04-21 18:54:52'),
(190, 251, 4, 3, '2025-04-09', 'present', 19, '2025-04-21 18:54:52'),
(191, 251, 4, 3, '2025-04-11', 'present', 19, '2025-04-21 18:54:52'),
(192, 251, 4, 3, '2025-04-16', 'present', 19, '2025-04-21 18:54:52'),
(193, 251, 4, 3, '2025-04-18', 'present', 19, '2025-04-21 18:54:52'),
(194, 251, 4, 3, '2025-04-23', 'present', 19, '2025-04-21 18:54:52'),
(195, 251, 4, 3, '2025-04-25', 'present', 19, '2025-04-21 18:54:52'),
(196, 252, 4, 3, '2025-03-26', 'present', 19, '2025-04-21 18:54:52'),
(197, 252, 4, 3, '2025-03-28', 'absent', 19, '2025-04-21 18:54:52'),
(198, 252, 4, 3, '2025-04-02', 'present', 19, '2025-04-21 18:54:52'),
(199, 252, 4, 3, '2025-04-04', 'absent', 19, '2025-04-21 18:54:52'),
(200, 252, 4, 3, '2025-04-09', 'present', 19, '2025-04-21 18:54:52'),
(201, 252, 4, 3, '2025-04-11', 'present', 19, '2025-04-21 18:54:52'),
(202, 252, 4, 3, '2025-04-16', 'present', 19, '2025-04-21 18:54:52'),
(203, 252, 4, 3, '2025-04-18', 'absent', 19, '2025-04-21 18:54:52'),
(204, 252, 4, 3, '2025-04-23', 'present', 19, '2025-04-21 18:54:52'),
(205, 252, 4, 3, '2025-04-25', 'present', 19, '2025-04-21 18:54:52'),
(206, 253, 4, 3, '2025-03-26', 'present', 19, '2025-04-21 18:54:52'),
(207, 253, 4, 3, '2025-03-28', 'present', 19, '2025-04-21 18:54:52'),
(208, 253, 4, 3, '2025-04-02', 'present', 19, '2025-04-21 18:54:52'),
(209, 253, 4, 3, '2025-04-04', 'present', 19, '2025-04-21 18:54:52'),
(210, 253, 4, 3, '2025-04-09', 'present', 19, '2025-04-21 18:54:52'),
(211, 253, 4, 3, '2025-04-11', 'absent', 19, '2025-04-21 18:54:52'),
(212, 253, 4, 3, '2025-04-16', 'present', 19, '2025-04-21 18:54:52'),
(213, 253, 4, 3, '2025-04-18', 'present', 19, '2025-04-21 18:54:52'),
(214, 253, 4, 3, '2025-04-23', 'present', 19, '2025-04-21 18:54:52'),
(215, 253, 4, 3, '2025-04-25', 'present', 19, '2025-04-21 18:54:52'),
(216, 280, 14, 6, '2025-03-26', 'present', 20, '2025-04-21 18:54:52'),
(217, 280, 14, 6, '2025-04-02', 'present', 20, '2025-04-21 18:54:52'),
(218, 280, 14, 6, '2025-04-09', 'present', 20, '2025-04-21 18:54:52'),
(219, 280, 14, 6, '2025-04-16', 'present', 20, '2025-04-21 18:54:52'),
(220, 280, 14, 6, '2025-04-23', 'present', 20, '2025-04-21 18:54:52'),
(221, 281, 14, 6, '2025-03-26', 'present', 20, '2025-04-21 18:54:52'),
(222, 281, 14, 6, '2025-04-02', 'absent', 20, '2025-04-21 18:54:52'),
(223, 281, 14, 6, '2025-04-09', 'present', 20, '2025-04-21 18:54:52'),
(224, 281, 14, 6, '2025-04-16', 'present', 20, '2025-04-21 18:54:52'),
(225, 281, 14, 6, '2025-04-23', 'present', 20, '2025-04-21 18:54:52'),
(311, 280, 14, 6, '2025-04-25', 'present', 20, '2025-04-21 19:08:43'),
(317, 281, 14, 6, '2025-04-25', 'present', 20, '2025-04-21 19:08:43'),
(318, 301, 15, 10, '2025-04-01', 'present', 11, '2025-04-21 19:08:43'),
(319, 301, 15, 10, '2025-04-03', 'present', 11, '2025-04-21 19:08:43'),
(320, 301, 15, 10, '2025-04-08', 'present', 11, '2025-04-21 19:08:43'),
(321, 301, 15, 10, '2025-04-10', 'present', 11, '2025-04-21 19:08:43'),
(322, 301, 15, 10, '2025-04-15', 'present', 11, '2025-04-21 19:08:43'),
(323, 301, 15, 10, '2025-04-17', 'present', 11, '2025-04-21 19:08:43'),
(324, 301, 15, 10, '2025-04-22', 'present', 11, '2025-04-21 19:08:43'),
(325, 301, 15, 10, '2025-04-24', 'present', 11, '2025-04-21 19:08:43'),
(326, 302, 15, 10, '2025-04-01', 'present', 11, '2025-04-21 19:08:43'),
(327, 302, 15, 10, '2025-04-03', 'absent', 11, '2025-04-21 19:08:43'),
(328, 302, 15, 10, '2025-04-08', 'present', 11, '2025-04-21 19:08:43'),
(329, 302, 15, 10, '2025-04-10', 'present', 11, '2025-04-21 19:08:43'),
(330, 302, 15, 10, '2025-04-15', 'present', 11, '2025-04-21 19:08:43'),
(331, 302, 15, 10, '2025-04-17', 'present', 11, '2025-04-21 19:08:43'),
(332, 302, 15, 10, '2025-04-22', 'present', 11, '2025-04-21 19:08:43'),
(333, 302, 15, 10, '2025-04-24', 'present', 11, '2025-04-21 19:08:43'),
(334, 311, 16, 11, '2025-04-01', 'absent', 19, '2025-04-21 19:08:43'),
(335, 311, 16, 11, '2025-04-03', 'absent', 19, '2025-04-21 19:08:43'),
(336, 311, 16, 11, '2025-04-08', 'absent', 19, '2025-04-21 19:08:43'),
(337, 311, 16, 11, '2025-04-10', 'absent', 19, '2025-04-21 19:08:43'),
(338, 311, 16, 11, '2025-04-15', 'absent', 19, '2025-04-21 19:08:43'),
(339, 311, 16, 11, '2025-04-17', 'absent', 19, '2025-04-21 19:08:43'),
(340, 311, 16, 11, '2025-04-22', 'absent', 19, '2025-04-21 19:08:43'),
(341, 311, 16, 11, '2025-04-24', 'present', 19, '2025-04-21 19:08:43'),
(342, 312, 16, 11, '2025-04-01', 'absent', 19, '2025-04-21 19:08:43'),
(343, 312, 16, 11, '2025-04-03', 'absent', 19, '2025-04-21 19:08:43'),
(344, 312, 16, 11, '2025-04-08', 'absent', 19, '2025-04-21 19:08:43'),
(345, 312, 16, 11, '2025-04-10', 'absent', 19, '2025-04-21 19:08:43'),
(346, 312, 16, 11, '2025-04-15', 'absent', 19, '2025-04-21 19:08:43'),
(347, 312, 16, 11, '2025-04-17', 'absent', 19, '2025-04-21 19:08:43'),
(348, 312, 16, 11, '2025-04-22', 'absent', 19, '2025-04-21 19:08:43'),
(349, 312, 16, 11, '2025-04-24', 'absent', 19, '2025-04-21 19:08:43'),
(350, 321, 15, 12, '2025-04-01', 'present', 11, '2025-04-21 19:08:43'),
(351, 321, 15, 12, '2025-04-03', 'present', 11, '2025-04-21 19:08:43'),
(352, 321, 15, 12, '2025-04-08', 'absent', 11, '2025-04-21 19:08:43'),
(353, 321, 15, 12, '2025-04-10', 'present', 11, '2025-04-21 19:08:43'),
(354, 321, 15, 12, '2025-04-15', 'present', 11, '2025-04-21 19:08:43'),
(355, 321, 15, 12, '2025-04-17', 'absent', 11, '2025-04-21 19:08:43'),
(356, 321, 15, 12, '2025-04-22', 'present', 11, '2025-04-21 19:08:43'),
(357, 321, 15, 12, '2025-04-24', 'present', 11, '2025-04-21 19:08:43'),
(358, 322, 15, 12, '2025-04-01', 'present', 11, '2025-04-21 19:08:43'),
(359, 322, 15, 12, '2025-04-03', 'present', 11, '2025-04-21 19:08:43'),
(360, 322, 15, 12, '2025-04-08', 'present', 11, '2025-04-21 19:08:43'),
(361, 322, 15, 12, '2025-04-10', 'absent', 11, '2025-04-21 19:08:43'),
(362, 322, 15, 12, '2025-04-15', 'present', 11, '2025-04-21 19:08:43'),
(363, 322, 15, 12, '2025-04-17', 'present', 11, '2025-04-21 19:08:43'),
(364, 322, 15, 12, '2025-04-22', 'present', 11, '2025-04-21 19:08:43'),
(365, 322, 15, 12, '2025-04-24', 'absent', 11, '2025-04-21 19:08:43'),
(366, 201, 0, 1, '2025-04-21', 'present', 12, '2025-04-21 21:42:50'),
(367, 202, 0, 1, '2025-04-21', 'present', 12, '2025-04-21 21:42:50'),
(368, 203, 0, 1, '2025-04-21', 'present', 12, '2025-04-21 21:42:50'),
(369, 204, 0, 1, '2025-04-21', 'present', 12, '2025-04-21 21:42:50'),
(370, 205, 0, 1, '2025-04-21', 'present', 12, '2025-04-21 21:42:50'),
(371, 206, 0, 1, '2025-04-21', 'present', 12, '2025-04-21 21:42:50'),
(372, 207, 0, 1, '2025-04-21', 'present', 12, '2025-04-21 21:42:50'),
(373, 208, 0, 1, '2025-04-21', 'present', 12, '2025-04-21 21:42:50'),
(374, 209, 0, 1, '2025-04-21', 'present', 12, '2025-04-21 21:42:50'),
(375, 210, 0, 1, '2025-04-21', 'present', 12, '2025-04-21 21:42:50'),
(376, 211, 0, 1, '2025-04-21', 'present', 12, '2025-04-21 21:42:50'),
(377, 212, 0, 1, '2025-04-21', 'present', 12, '2025-04-21 21:42:50'),
(378, 213, 0, 1, '2025-04-21', 'present', 12, '2025-04-21 21:42:50'),
(379, 214, 0, 1, '2025-04-21', 'present', 12, '2025-04-21 21:42:50'),
(380, 215, 0, 1, '2025-04-21', 'present', 12, '2025-04-21 21:42:50'),
(381, 216, 0, 1, '2025-04-21', 'present', 12, '2025-04-21 21:42:50'),
(382, 217, 0, 1, '2025-04-21', 'present', 12, '2025-04-21 21:42:50'),
(383, 218, 0, 1, '2025-04-21', 'present', 12, '2025-04-21 21:42:50'),
(384, 219, 0, 1, '2025-04-21', 'present', 12, '2025-04-21 21:42:50'),
(385, 220, 0, 1, '2025-04-21', 'present', 12, '2025-04-21 21:42:50'),
(386, 221, 0, 1, '2025-04-21', 'present', 12, '2025-04-21 21:42:50'),
(387, 222, 0, 1, '2025-04-21', 'present', 12, '2025-04-21 21:42:50'),
(388, 223, 0, 1, '2025-04-21', 'present', 12, '2025-04-21 21:42:50'),
(389, 224, 0, 1, '2025-04-21', 'present', 12, '2025-04-21 21:42:50'),
(390, 225, 0, 1, '2025-04-21', 'present', 12, '2025-04-21 21:42:50'),
(391, 226, 0, 1, '2025-04-21', 'present', 12, '2025-04-21 21:42:50'),
(392, 227, 0, 1, '2025-04-21', 'present', 12, '2025-04-21 21:42:50'),
(393, 228, 0, 1, '2025-04-21', 'present', 12, '2025-04-21 21:42:50'),
(394, 229, 0, 1, '2025-04-21', 'present', 12, '2025-04-21 21:42:50'),
(395, 230, 0, 1, '2025-04-21', 'present', 12, '2025-04-21 21:42:50'),
(396, 231, 0, 1, '2025-04-21', 'present', 12, '2025-04-21 21:42:50'),
(397, 232, 0, 1, '2025-04-21', 'present', 12, '2025-04-21 21:42:50'),
(398, 233, 0, 1, '2025-04-21', 'present', 12, '2025-04-21 21:42:50'),
(399, 234, 0, 1, '2025-04-21', 'present', 12, '2025-04-21 21:42:50'),
(400, 235, 0, 1, '2025-04-21', 'present', 12, '2025-04-21 21:42:50'),
(401, 236, 0, 1, '2025-04-21', 'present', 12, '2025-04-21 21:42:50'),
(402, 237, 0, 1, '2025-04-21', 'present', 12, '2025-04-21 21:42:50'),
(403, 238, 0, 1, '2025-04-21', 'present', 12, '2025-04-21 21:42:50'),
(404, 239, 0, 1, '2025-04-21', 'present', 12, '2025-04-21 21:42:50'),
(405, 240, 0, 1, '2025-04-21', 'present', 12, '2025-04-21 21:42:50'),
(406, 241, 0, 1, '2025-04-21', 'present', 12, '2025-04-21 21:42:50'),
(407, 242, 0, 1, '2025-04-21', 'present', 12, '2025-04-21 21:42:50'),
(408, 243, 0, 1, '2025-04-21', 'present', 12, '2025-04-21 21:42:50'),
(409, 244, 0, 1, '2025-04-21', 'present', 12, '2025-04-21 21:42:50'),
(410, 245, 0, 1, '2025-04-21', 'present', 12, '2025-04-21 21:42:50'),
(411, 246, 0, 1, '2025-04-21', 'present', 12, '2025-04-21 21:42:50'),
(412, 247, 0, 1, '2025-04-21', 'present', 12, '2025-04-21 21:42:50'),
(413, 248, 0, 1, '2025-04-21', 'present', 12, '2025-04-21 21:42:50'),
(414, 249, 0, 1, '2025-04-21', 'present', 12, '2025-04-21 21:42:50'),
(415, 250, 0, 1, '2025-04-21', 'present', 12, '2025-04-21 21:42:50'),
(416, 251, 0, 1, '2025-04-21', 'present', 12, '2025-04-21 21:42:50'),
(417, 252, 0, 1, '2025-04-21', 'present', 12, '2025-04-21 21:42:50'),
(418, 253, 0, 1, '2025-04-21', 'present', 12, '2025-04-21 21:42:50'),
(419, 254, 0, 1, '2025-04-21', 'present', 12, '2025-04-21 21:42:50'),
(420, 255, 0, 1, '2025-04-21', 'present', 12, '2025-04-21 21:42:50'),
(421, 256, 0, 1, '2025-04-21', 'present', 12, '2025-04-21 21:42:50'),
(422, 257, 0, 1, '2025-04-21', 'present', 12, '2025-04-21 21:42:50'),
(423, 258, 0, 1, '2025-04-21', 'present', 12, '2025-04-21 21:42:50'),
(424, 259, 0, 1, '2025-04-21', 'present', 12, '2025-04-21 21:42:50'),
(425, 260, 0, 1, '2025-04-21', 'present', 12, '2025-04-21 21:42:50'),
(426, 261, 0, 1, '2025-04-21', 'present', 12, '2025-04-21 21:42:50'),
(427, 262, 0, 1, '2025-04-21', 'present', 12, '2025-04-21 21:42:50'),
(428, 263, 0, 1, '2025-04-21', 'present', 12, '2025-04-21 21:42:50'),
(429, 264, 0, 1, '2025-04-21', 'present', 12, '2025-04-21 21:42:50'),
(430, 265, 0, 1, '2025-04-21', 'present', 12, '2025-04-21 21:42:50'),
(431, 266, 0, 1, '2025-04-21', 'present', 12, '2025-04-21 21:42:50'),
(432, 267, 0, 1, '2025-04-21', 'present', 12, '2025-04-21 21:42:50'),
(433, 268, 0, 1, '2025-04-21', 'present', 12, '2025-04-21 21:42:50'),
(434, 269, 0, 1, '2025-04-21', 'present', 12, '2025-04-21 21:42:50'),
(435, 270, 0, 1, '2025-04-21', 'present', 12, '2025-04-21 21:42:50'),
(436, 271, 0, 1, '2025-04-21', 'present', 12, '2025-04-21 21:42:50'),
(437, 272, 0, 1, '2025-04-21', 'present', 12, '2025-04-21 21:42:50'),
(438, 273, 0, 1, '2025-04-21', 'present', 12, '2025-04-21 21:42:50'),
(439, 274, 0, 1, '2025-04-21', 'present', 12, '2025-04-21 21:42:50'),
(440, 275, 0, 1, '2025-04-21', 'present', 12, '2025-04-21 21:42:50'),
(441, 201, 8, 1, '2025-04-21', 'present', 12, '2025-04-21 22:12:30'),
(442, 202, 8, 1, '2025-04-21', 'present', 12, '2025-04-21 22:12:30'),
(443, 203, 8, 1, '2025-04-21', 'present', 12, '2025-04-21 22:12:30'),
(444, 204, 8, 1, '2025-04-21', 'present', 12, '2025-04-21 22:12:30'),
(445, 205, 8, 1, '2025-04-21', 'present', 12, '2025-04-21 22:12:30'),
(446, 206, 8, 1, '2025-04-21', 'present', 12, '2025-04-21 22:12:30'),
(447, 207, 8, 1, '2025-04-21', 'present', 12, '2025-04-21 22:12:30'),
(448, 208, 8, 1, '2025-04-21', 'present', 12, '2025-04-21 22:12:30'),
(449, 209, 8, 1, '2025-04-21', 'present', 12, '2025-04-21 22:12:30'),
(450, 210, 8, 1, '2025-04-21', 'present', 12, '2025-04-21 22:12:30'),
(451, 211, 8, 1, '2025-04-21', 'present', 12, '2025-04-21 22:12:30'),
(452, 212, 8, 1, '2025-04-21', 'present', 12, '2025-04-21 22:12:30'),
(453, 213, 8, 1, '2025-04-21', 'present', 12, '2025-04-21 22:12:30'),
(454, 214, 8, 1, '2025-04-21', 'present', 12, '2025-04-21 22:12:30'),
(455, 215, 8, 1, '2025-04-21', 'present', 12, '2025-04-21 22:12:30'),
(456, 216, 8, 1, '2025-04-21', 'present', 12, '2025-04-21 22:12:30'),
(457, 217, 8, 1, '2025-04-21', 'present', 12, '2025-04-21 22:12:30'),
(458, 218, 8, 1, '2025-04-21', 'present', 12, '2025-04-21 22:12:30'),
(459, 219, 8, 1, '2025-04-21', 'present', 12, '2025-04-21 22:12:30'),
(460, 220, 8, 1, '2025-04-21', 'present', 12, '2025-04-21 22:12:30'),
(461, 221, 8, 1, '2025-04-21', 'present', 12, '2025-04-21 22:12:30'),
(462, 222, 8, 1, '2025-04-21', 'present', 12, '2025-04-21 22:12:30'),
(463, 223, 8, 1, '2025-04-21', 'present', 12, '2025-04-21 22:12:30'),
(464, 224, 8, 1, '2025-04-21', 'present', 12, '2025-04-21 22:12:30'),
(465, 225, 8, 1, '2025-04-21', 'present', 12, '2025-04-21 22:12:30'),
(466, 226, 8, 1, '2025-04-21', 'present', 12, '2025-04-21 22:12:30'),
(467, 227, 8, 1, '2025-04-21', 'present', 12, '2025-04-21 22:12:30'),
(468, 228, 8, 1, '2025-04-21', 'present', 12, '2025-04-21 22:12:30'),
(469, 229, 8, 1, '2025-04-21', 'present', 12, '2025-04-21 22:12:30'),
(470, 230, 8, 1, '2025-04-21', 'present', 12, '2025-04-21 22:12:30'),
(471, 231, 8, 1, '2025-04-21', 'present', 12, '2025-04-21 22:12:30'),
(472, 232, 8, 1, '2025-04-21', 'present', 12, '2025-04-21 22:12:30'),
(473, 233, 8, 1, '2025-04-21', 'present', 12, '2025-04-21 22:12:30'),
(474, 234, 8, 1, '2025-04-21', 'present', 12, '2025-04-21 22:12:30'),
(475, 235, 8, 1, '2025-04-21', 'present', 12, '2025-04-21 22:12:30'),
(476, 236, 8, 1, '2025-04-21', 'present', 12, '2025-04-21 22:12:30'),
(477, 237, 8, 1, '2025-04-21', 'present', 12, '2025-04-21 22:12:30'),
(478, 238, 8, 1, '2025-04-21', 'present', 12, '2025-04-21 22:12:30'),
(479, 239, 8, 1, '2025-04-21', 'present', 12, '2025-04-21 22:12:30'),
(480, 240, 8, 1, '2025-04-21', 'present', 12, '2025-04-21 22:12:30'),
(481, 241, 8, 1, '2025-04-21', 'present', 12, '2025-04-21 22:12:30'),
(482, 242, 8, 1, '2025-04-21', 'present', 12, '2025-04-21 22:12:30'),
(483, 243, 8, 1, '2025-04-21', 'present', 12, '2025-04-21 22:12:30'),
(484, 244, 8, 1, '2025-04-21', 'present', 12, '2025-04-21 22:12:30'),
(485, 245, 8, 1, '2025-04-21', 'present', 12, '2025-04-21 22:12:30'),
(486, 246, 8, 1, '2025-04-21', 'present', 12, '2025-04-21 22:12:30'),
(487, 247, 8, 1, '2025-04-21', 'present', 12, '2025-04-21 22:12:30'),
(488, 248, 8, 1, '2025-04-21', 'present', 12, '2025-04-21 22:12:30'),
(489, 249, 8, 1, '2025-04-21', 'present', 12, '2025-04-21 22:12:30'),
(490, 250, 8, 1, '2025-04-21', 'present', 12, '2025-04-21 22:12:30'),
(491, 251, 8, 1, '2025-04-21', 'present', 12, '2025-04-21 22:12:30'),
(492, 252, 8, 1, '2025-04-21', 'present', 12, '2025-04-21 22:12:30'),
(493, 253, 8, 1, '2025-04-21', 'present', 12, '2025-04-21 22:12:30'),
(494, 254, 8, 1, '2025-04-21', 'present', 12, '2025-04-21 22:12:30'),
(495, 255, 8, 1, '2025-04-21', 'present', 12, '2025-04-21 22:12:30'),
(496, 256, 8, 1, '2025-04-21', 'present', 12, '2025-04-21 22:12:30'),
(497, 257, 8, 1, '2025-04-21', 'present', 12, '2025-04-21 22:12:30'),
(498, 258, 8, 1, '2025-04-21', 'present', 12, '2025-04-21 22:12:30'),
(499, 259, 8, 1, '2025-04-21', 'present', 12, '2025-04-21 22:12:30'),
(500, 260, 8, 1, '2025-04-21', 'present', 12, '2025-04-21 22:12:30'),
(501, 261, 8, 1, '2025-04-21', 'present', 12, '2025-04-21 22:12:30'),
(502, 262, 8, 1, '2025-04-21', 'present', 12, '2025-04-21 22:12:30'),
(503, 263, 8, 1, '2025-04-21', 'present', 12, '2025-04-21 22:12:30'),
(504, 264, 8, 1, '2025-04-21', 'present', 12, '2025-04-21 22:12:30'),
(505, 265, 8, 1, '2025-04-21', 'present', 12, '2025-04-21 22:12:30'),
(506, 266, 8, 1, '2025-04-21', 'present', 12, '2025-04-21 22:12:30'),
(507, 267, 8, 1, '2025-04-21', 'present', 12, '2025-04-21 22:12:30'),
(508, 268, 8, 1, '2025-04-21', 'present', 12, '2025-04-21 22:12:30'),
(509, 269, 8, 1, '2025-04-21', 'present', 12, '2025-04-21 22:12:30'),
(510, 270, 8, 1, '2025-04-21', 'present', 12, '2025-04-21 22:12:30'),
(511, 271, 8, 1, '2025-04-21', 'present', 12, '2025-04-21 22:12:30'),
(512, 272, 8, 1, '2025-04-21', 'present', 12, '2025-04-21 22:12:30'),
(513, 273, 8, 1, '2025-04-21', 'present', 12, '2025-04-21 22:12:30'),
(514, 274, 8, 1, '2025-04-21', 'present', 12, '2025-04-21 22:12:30'),
(515, 275, 8, 1, '2025-04-21', 'present', 12, '2025-04-21 22:12:30'),
(516, 201, 8, 1, '2025-04-22', 'present', 12, '2025-04-22 08:57:32'),
(517, 202, 8, 1, '2025-04-22', 'absent', 12, '2025-04-22 08:57:32'),
(518, 203, 8, 1, '2025-04-22', 'absent', 12, '2025-04-22 08:57:32'),
(519, 204, 8, 1, '2025-04-22', 'present', 12, '2025-04-22 08:57:32'),
(520, 205, 8, 1, '2025-04-22', 'absent', 12, '2025-04-22 08:57:32'),
(521, 206, 8, 1, '2025-04-22', 'present', 12, '2025-04-22 08:57:32'),
(522, 207, 8, 1, '2025-04-22', 'absent', 12, '2025-04-22 08:57:32'),
(523, 208, 8, 1, '2025-04-22', 'present', 12, '2025-04-22 08:57:32'),
(524, 209, 8, 1, '2025-04-22', 'absent', 12, '2025-04-22 08:57:32'),
(525, 210, 8, 1, '2025-04-22', 'absent', 12, '2025-04-22 08:57:32'),
(526, 211, 8, 1, '2025-04-22', 'absent', 12, '2025-04-22 08:57:32'),
(527, 212, 8, 1, '2025-04-22', 'absent', 12, '2025-04-22 08:57:32'),
(528, 213, 8, 1, '2025-04-22', 'absent', 12, '2025-04-22 08:57:32'),
(529, 214, 8, 1, '2025-04-22', 'absent', 12, '2025-04-22 08:57:32'),
(530, 215, 8, 1, '2025-04-22', 'present', 12, '2025-04-22 08:57:32'),
(531, 216, 8, 1, '2025-04-22', 'absent', 12, '2025-04-22 08:57:32'),
(532, 217, 8, 1, '2025-04-22', 'absent', 12, '2025-04-22 08:57:32'),
(533, 218, 8, 1, '2025-04-22', 'absent', 12, '2025-04-22 08:57:32'),
(534, 219, 8, 1, '2025-04-22', 'absent', 12, '2025-04-22 08:57:32'),
(535, 220, 8, 1, '2025-04-22', 'absent', 12, '2025-04-22 08:57:32'),
(536, 221, 8, 1, '2025-04-22', 'absent', 12, '2025-04-22 08:57:32'),
(537, 222, 8, 1, '2025-04-22', 'present', 12, '2025-04-22 08:57:32'),
(538, 223, 8, 1, '2025-04-22', 'absent', 12, '2025-04-22 08:57:32'),
(539, 224, 8, 1, '2025-04-22', 'absent', 12, '2025-04-22 08:57:32'),
(540, 225, 8, 1, '2025-04-22', 'absent', 12, '2025-04-22 08:57:32'),
(541, 226, 8, 1, '2025-04-22', 'absent', 12, '2025-04-22 08:57:32'),
(542, 227, 8, 1, '2025-04-22', 'absent', 12, '2025-04-22 08:57:32'),
(543, 228, 8, 1, '2025-04-22', 'absent', 12, '2025-04-22 08:57:32'),
(544, 229, 8, 1, '2025-04-22', 'absent', 12, '2025-04-22 08:57:32'),
(545, 230, 8, 1, '2025-04-22', 'absent', 12, '2025-04-22 08:57:32'),
(546, 231, 8, 1, '2025-04-22', 'absent', 12, '2025-04-22 08:57:32'),
(547, 232, 8, 1, '2025-04-22', 'absent', 12, '2025-04-22 08:57:32'),
(548, 233, 8, 1, '2025-04-22', 'present', 12, '2025-04-22 08:57:32'),
(549, 234, 8, 1, '2025-04-22', 'absent', 12, '2025-04-22 08:57:32'),
(550, 235, 8, 1, '2025-04-22', 'absent', 12, '2025-04-22 08:57:32'),
(551, 236, 8, 1, '2025-04-22', 'absent', 12, '2025-04-22 08:57:32'),
(552, 237, 8, 1, '2025-04-22', 'absent', 12, '2025-04-22 08:57:32'),
(553, 238, 8, 1, '2025-04-22', 'absent', 12, '2025-04-22 08:57:32'),
(554, 239, 8, 1, '2025-04-22', 'absent', 12, '2025-04-22 08:57:32'),
(555, 240, 8, 1, '2025-04-22', 'absent', 12, '2025-04-22 08:57:32'),
(556, 241, 8, 1, '2025-04-22', 'absent', 12, '2025-04-22 08:57:32'),
(557, 242, 8, 1, '2025-04-22', 'absent', 12, '2025-04-22 08:57:32'),
(558, 243, 8, 1, '2025-04-22', 'absent', 12, '2025-04-22 08:57:32'),
(559, 244, 8, 1, '2025-04-22', 'absent', 12, '2025-04-22 08:57:32'),
(560, 245, 8, 1, '2025-04-22', 'absent', 12, '2025-04-22 08:57:32'),
(561, 246, 8, 1, '2025-04-22', 'present', 12, '2025-04-22 08:57:32'),
(562, 247, 8, 1, '2025-04-22', 'absent', 12, '2025-04-22 08:57:32'),
(563, 248, 8, 1, '2025-04-22', 'absent', 12, '2025-04-22 08:57:32'),
(564, 249, 8, 1, '2025-04-22', 'absent', 12, '2025-04-22 08:57:32'),
(565, 250, 8, 1, '2025-04-22', 'absent', 12, '2025-04-22 08:57:32'),
(566, 251, 8, 1, '2025-04-22', 'absent', 12, '2025-04-22 08:57:32'),
(567, 252, 8, 1, '2025-04-22', 'absent', 12, '2025-04-22 08:57:32'),
(568, 253, 8, 1, '2025-04-22', 'absent', 12, '2025-04-22 08:57:32'),
(569, 254, 8, 1, '2025-04-22', 'absent', 12, '2025-04-22 08:57:32'),
(570, 255, 8, 1, '2025-04-22', 'absent', 12, '2025-04-22 08:57:32'),
(571, 256, 8, 1, '2025-04-22', 'absent', 12, '2025-04-22 08:57:32'),
(572, 257, 8, 1, '2025-04-22', 'absent', 12, '2025-04-22 08:57:32'),
(573, 258, 8, 1, '2025-04-22', 'absent', 12, '2025-04-22 08:57:32'),
(574, 259, 8, 1, '2025-04-22', 'absent', 12, '2025-04-22 08:57:32'),
(575, 260, 8, 1, '2025-04-22', 'absent', 12, '2025-04-22 08:57:32'),
(576, 261, 8, 1, '2025-04-22', 'absent', 12, '2025-04-22 08:57:32'),
(577, 262, 8, 1, '2025-04-22', 'absent', 12, '2025-04-22 08:57:32'),
(578, 263, 8, 1, '2025-04-22', 'absent', 12, '2025-04-22 08:57:32'),
(579, 264, 8, 1, '2025-04-22', 'absent', 12, '2025-04-22 08:57:32'),
(580, 265, 8, 1, '2025-04-22', 'absent', 12, '2025-04-22 08:57:32'),
(581, 266, 8, 1, '2025-04-22', 'absent', 12, '2025-04-22 08:57:32'),
(582, 267, 8, 1, '2025-04-22', 'absent', 12, '2025-04-22 08:57:32'),
(583, 268, 8, 1, '2025-04-22', 'absent', 12, '2025-04-22 08:57:32'),
(584, 269, 8, 1, '2025-04-22', 'absent', 12, '2025-04-22 08:57:32'),
(585, 270, 8, 1, '2025-04-22', 'absent', 12, '2025-04-22 08:57:32'),
(586, 271, 8, 1, '2025-04-22', 'absent', 12, '2025-04-22 08:57:32'),
(587, 272, 8, 1, '2025-04-22', 'absent', 12, '2025-04-22 08:57:32'),
(588, 273, 8, 1, '2025-04-22', 'absent', 12, '2025-04-22 08:57:32'),
(589, 274, 8, 1, '2025-04-22', 'absent', 12, '2025-04-22 08:57:32'),
(590, 275, 8, 1, '2025-04-22', 'absent', 12, '2025-04-22 08:57:32'),
(591, 201, 5, 1, '2025-04-22', 'present', 13, '2025-04-22 11:23:19'),
(592, 202, 5, 1, '2025-04-22', 'present', 13, '2025-04-22 11:23:19'),
(593, 203, 5, 1, '2025-04-22', 'absent', 13, '2025-04-22 11:23:19'),
(594, 204, 5, 1, '2025-04-22', 'absent', 13, '2025-04-22 11:23:19'),
(595, 205, 5, 1, '2025-04-22', 'absent', 13, '2025-04-22 11:23:19'),
(596, 206, 5, 1, '2025-04-22', 'absent', 13, '2025-04-22 11:23:19'),
(597, 207, 5, 1, '2025-04-22', 'absent', 13, '2025-04-22 11:23:19'),
(598, 208, 5, 1, '2025-04-22', 'absent', 13, '2025-04-22 11:23:19'),
(599, 209, 5, 1, '2025-04-22', 'absent', 13, '2025-04-22 11:23:19'),
(600, 210, 5, 1, '2025-04-22', 'absent', 13, '2025-04-22 11:23:19'),
(601, 211, 5, 1, '2025-04-22', 'present', 13, '2025-04-22 11:23:19'),
(602, 212, 5, 1, '2025-04-22', 'absent', 13, '2025-04-22 11:23:19'),
(603, 213, 5, 1, '2025-04-22', 'absent', 13, '2025-04-22 11:23:19'),
(604, 214, 5, 1, '2025-04-22', 'absent', 13, '2025-04-22 11:23:19'),
(605, 215, 5, 1, '2025-04-22', 'absent', 13, '2025-04-22 11:23:19'),
(606, 216, 5, 1, '2025-04-22', 'present', 13, '2025-04-22 11:23:19'),
(607, 217, 5, 1, '2025-04-22', 'absent', 13, '2025-04-22 11:23:19'),
(608, 218, 5, 1, '2025-04-22', 'absent', 13, '2025-04-22 11:23:19'),
(609, 219, 5, 1, '2025-04-22', 'absent', 13, '2025-04-22 11:23:19'),
(610, 220, 5, 1, '2025-04-22', 'absent', 13, '2025-04-22 11:23:19'),
(611, 221, 5, 1, '2025-04-22', 'absent', 13, '2025-04-22 11:23:19'),
(612, 222, 5, 1, '2025-04-22', 'absent', 13, '2025-04-22 11:23:19'),
(613, 223, 5, 1, '2025-04-22', 'absent', 13, '2025-04-22 11:23:19'),
(614, 224, 5, 1, '2025-04-22', 'absent', 13, '2025-04-22 11:23:19'),
(615, 225, 5, 1, '2025-04-22', 'absent', 13, '2025-04-22 11:23:19'),
(616, 226, 5, 1, '2025-04-22', 'absent', 13, '2025-04-22 11:23:19'),
(617, 227, 5, 1, '2025-04-22', 'absent', 13, '2025-04-22 11:23:19'),
(618, 228, 5, 1, '2025-04-22', 'absent', 13, '2025-04-22 11:23:19'),
(619, 229, 5, 1, '2025-04-22', 'present', 13, '2025-04-22 11:23:19'),
(620, 230, 5, 1, '2025-04-22', 'absent', 13, '2025-04-22 11:23:19'),
(621, 231, 5, 1, '2025-04-22', 'absent', 13, '2025-04-22 11:23:19'),
(622, 232, 5, 1, '2025-04-22', 'absent', 13, '2025-04-22 11:23:19'),
(623, 233, 5, 1, '2025-04-22', 'absent', 13, '2025-04-22 11:23:19'),
(624, 234, 5, 1, '2025-04-22', 'absent', 13, '2025-04-22 11:23:19'),
(625, 235, 5, 1, '2025-04-22', 'absent', 13, '2025-04-22 11:23:19'),
(626, 236, 5, 1, '2025-04-22', 'absent', 13, '2025-04-22 11:23:19'),
(627, 237, 5, 1, '2025-04-22', 'absent', 13, '2025-04-22 11:23:19'),
(628, 238, 5, 1, '2025-04-22', 'absent', 13, '2025-04-22 11:23:19'),
(629, 239, 5, 1, '2025-04-22', 'present', 13, '2025-04-22 11:23:19'),
(630, 240, 5, 1, '2025-04-22', 'absent', 13, '2025-04-22 11:23:19'),
(631, 241, 5, 1, '2025-04-22', 'absent', 13, '2025-04-22 11:23:19'),
(632, 242, 5, 1, '2025-04-22', 'absent', 13, '2025-04-22 11:23:19'),
(633, 243, 5, 1, '2025-04-22', 'absent', 13, '2025-04-22 11:23:19'),
(634, 244, 5, 1, '2025-04-22', 'absent', 13, '2025-04-22 11:23:19'),
(635, 245, 5, 1, '2025-04-22', 'absent', 13, '2025-04-22 11:23:19'),
(636, 246, 5, 1, '2025-04-22', 'absent', 13, '2025-04-22 11:23:19'),
(637, 247, 5, 1, '2025-04-22', 'absent', 13, '2025-04-22 11:23:19'),
(638, 248, 5, 1, '2025-04-22', 'absent', 13, '2025-04-22 11:23:19'),
(639, 249, 5, 1, '2025-04-22', 'absent', 13, '2025-04-22 11:23:19'),
(640, 250, 5, 1, '2025-04-22', 'absent', 13, '2025-04-22 11:23:19'),
(641, 251, 5, 1, '2025-04-22', 'absent', 13, '2025-04-22 11:23:19'),
(642, 252, 5, 1, '2025-04-22', 'absent', 13, '2025-04-22 11:23:19'),
(643, 253, 5, 1, '2025-04-22', 'absent', 13, '2025-04-22 11:23:19'),
(644, 254, 5, 1, '2025-04-22', 'absent', 13, '2025-04-22 11:23:19'),
(645, 255, 5, 1, '2025-04-22', 'absent', 13, '2025-04-22 11:23:19'),
(646, 256, 5, 1, '2025-04-22', 'absent', 13, '2025-04-22 11:23:19'),
(647, 257, 5, 1, '2025-04-22', 'absent', 13, '2025-04-22 11:23:19'),
(648, 258, 5, 1, '2025-04-22', 'absent', 13, '2025-04-22 11:23:19'),
(649, 259, 5, 1, '2025-04-22', 'absent', 13, '2025-04-22 11:23:19'),
(650, 260, 5, 1, '2025-04-22', 'absent', 13, '2025-04-22 11:23:19'),
(651, 261, 5, 1, '2025-04-22', 'absent', 13, '2025-04-22 11:23:19'),
(652, 262, 5, 1, '2025-04-22', 'absent', 13, '2025-04-22 11:23:19'),
(653, 263, 5, 1, '2025-04-22', 'absent', 13, '2025-04-22 11:23:19'),
(654, 264, 5, 1, '2025-04-22', 'absent', 13, '2025-04-22 11:23:19'),
(655, 265, 5, 1, '2025-04-22', 'absent', 13, '2025-04-22 11:23:19'),
(656, 266, 5, 1, '2025-04-22', 'absent', 13, '2025-04-22 11:23:19'),
(657, 267, 5, 1, '2025-04-22', 'present', 13, '2025-04-22 11:23:19'),
(658, 268, 5, 1, '2025-04-22', 'present', 13, '2025-04-22 11:23:19'),
(659, 269, 5, 1, '2025-04-22', 'absent', 13, '2025-04-22 11:23:19'),
(660, 270, 5, 1, '2025-04-22', 'absent', 13, '2025-04-22 11:23:19'),
(661, 271, 5, 1, '2025-04-22', 'absent', 13, '2025-04-22 11:23:19'),
(662, 272, 5, 1, '2025-04-22', 'absent', 13, '2025-04-22 11:23:19'),
(663, 273, 5, 1, '2025-04-22', 'absent', 13, '2025-04-22 11:23:19'),
(664, 274, 5, 1, '2025-04-22', 'absent', 13, '2025-04-22 11:23:19'),
(665, 275, 5, 1, '2025-04-22', 'absent', 13, '2025-04-22 11:23:19'),
(666, 201, 5, 1, '2025-04-19', 'absent', 13, '2025-04-22 15:59:30'),
(667, 202, 5, 1, '2025-04-19', 'present', 13, '2025-04-22 15:59:30'),
(668, 203, 5, 1, '2025-04-19', 'absent', 13, '2025-04-22 15:59:30'),
(669, 204, 5, 1, '2025-04-19', 'absent', 13, '2025-04-22 15:59:30'),
(670, 205, 5, 1, '2025-04-19', 'absent', 13, '2025-04-22 15:59:30'),
(671, 206, 5, 1, '2025-04-19', 'absent', 13, '2025-04-22 15:59:30'),
(672, 207, 5, 1, '2025-04-19', 'absent', 13, '2025-04-22 15:59:30'),
(673, 208, 5, 1, '2025-04-19', 'absent', 13, '2025-04-22 15:59:30'),
(674, 209, 5, 1, '2025-04-19', 'absent', 13, '2025-04-22 15:59:30'),
(675, 210, 5, 1, '2025-04-19', 'absent', 13, '2025-04-22 15:59:30'),
(676, 211, 5, 1, '2025-04-19', 'absent', 13, '2025-04-22 15:59:30'),
(677, 212, 5, 1, '2025-04-19', 'absent', 13, '2025-04-22 15:59:30'),
(678, 213, 5, 1, '2025-04-19', 'absent', 13, '2025-04-22 15:59:30'),
(679, 214, 5, 1, '2025-04-19', 'absent', 13, '2025-04-22 15:59:30'),
(680, 215, 5, 1, '2025-04-19', 'absent', 13, '2025-04-22 15:59:30'),
(681, 216, 5, 1, '2025-04-19', 'absent', 13, '2025-04-22 15:59:30'),
(682, 217, 5, 1, '2025-04-19', 'absent', 13, '2025-04-22 15:59:30'),
(683, 218, 5, 1, '2025-04-19', 'absent', 13, '2025-04-22 15:59:30'),
(684, 219, 5, 1, '2025-04-19', 'absent', 13, '2025-04-22 15:59:30'),
(685, 220, 5, 1, '2025-04-19', 'absent', 13, '2025-04-22 15:59:30'),
(686, 221, 5, 1, '2025-04-19', 'absent', 13, '2025-04-22 15:59:30'),
(687, 222, 5, 1, '2025-04-19', 'absent', 13, '2025-04-22 15:59:30'),
(688, 223, 5, 1, '2025-04-19', 'absent', 13, '2025-04-22 15:59:30'),
(689, 224, 5, 1, '2025-04-19', 'absent', 13, '2025-04-22 15:59:30'),
(690, 225, 5, 1, '2025-04-19', 'absent', 13, '2025-04-22 15:59:30'),
(691, 226, 5, 1, '2025-04-19', 'absent', 13, '2025-04-22 15:59:30'),
(692, 227, 5, 1, '2025-04-19', 'absent', 13, '2025-04-22 15:59:30'),
(693, 228, 5, 1, '2025-04-19', 'present', 13, '2025-04-22 15:59:30'),
(694, 229, 5, 1, '2025-04-19', 'present', 13, '2025-04-22 15:59:30'),
(695, 230, 5, 1, '2025-04-19', 'absent', 13, '2025-04-22 15:59:30'),
(696, 231, 5, 1, '2025-04-19', 'absent', 13, '2025-04-22 15:59:30'),
(697, 232, 5, 1, '2025-04-19', 'absent', 13, '2025-04-22 15:59:30'),
(698, 233, 5, 1, '2025-04-19', 'absent', 13, '2025-04-22 15:59:30'),
(699, 234, 5, 1, '2025-04-19', 'absent', 13, '2025-04-22 15:59:30'),
(700, 235, 5, 1, '2025-04-19', 'absent', 13, '2025-04-22 15:59:30'),
(701, 236, 5, 1, '2025-04-19', 'absent', 13, '2025-04-22 15:59:30'),
(702, 237, 5, 1, '2025-04-19', 'absent', 13, '2025-04-22 15:59:30'),
(703, 238, 5, 1, '2025-04-19', 'absent', 13, '2025-04-22 15:59:30'),
(704, 239, 5, 1, '2025-04-19', 'present', 13, '2025-04-22 15:59:30'),
(705, 240, 5, 1, '2025-04-19', 'absent', 13, '2025-04-22 15:59:30'),
(706, 241, 5, 1, '2025-04-19', 'present', 13, '2025-04-22 15:59:30'),
(707, 242, 5, 1, '2025-04-19', 'absent', 13, '2025-04-22 15:59:30'),
(708, 243, 5, 1, '2025-04-19', 'absent', 13, '2025-04-22 15:59:30'),
(709, 244, 5, 1, '2025-04-19', 'absent', 13, '2025-04-22 15:59:30'),
(710, 245, 5, 1, '2025-04-19', 'absent', 13, '2025-04-22 15:59:30'),
(711, 246, 5, 1, '2025-04-19', 'absent', 13, '2025-04-22 15:59:30'),
(712, 247, 5, 1, '2025-04-19', 'absent', 13, '2025-04-22 15:59:30'),
(713, 248, 5, 1, '2025-04-19', 'absent', 13, '2025-04-22 15:59:30'),
(714, 249, 5, 1, '2025-04-19', 'absent', 13, '2025-04-22 15:59:30'),
(715, 250, 5, 1, '2025-04-19', 'absent', 13, '2025-04-22 15:59:30'),
(716, 251, 5, 1, '2025-04-19', 'absent', 13, '2025-04-22 15:59:30'),
(717, 252, 5, 1, '2025-04-19', 'absent', 13, '2025-04-22 15:59:30'),
(718, 253, 5, 1, '2025-04-19', 'absent', 13, '2025-04-22 15:59:30'),
(719, 254, 5, 1, '2025-04-19', 'absent', 13, '2025-04-22 15:59:30'),
(720, 255, 5, 1, '2025-04-19', 'present', 13, '2025-04-22 15:59:30'),
(721, 256, 5, 1, '2025-04-19', 'absent', 13, '2025-04-22 15:59:30'),
(722, 257, 5, 1, '2025-04-19', 'absent', 13, '2025-04-22 15:59:30'),
(723, 258, 5, 1, '2025-04-19', 'absent', 13, '2025-04-22 15:59:30'),
(724, 259, 5, 1, '2025-04-19', 'absent', 13, '2025-04-22 15:59:30'),
(725, 260, 5, 1, '2025-04-19', 'absent', 13, '2025-04-22 15:59:30'),
(726, 261, 5, 1, '2025-04-19', 'absent', 13, '2025-04-22 15:59:30'),
(727, 262, 5, 1, '2025-04-19', 'absent', 13, '2025-04-22 15:59:30'),
(728, 263, 5, 1, '2025-04-19', 'absent', 13, '2025-04-22 15:59:30'),
(729, 264, 5, 1, '2025-04-19', 'absent', 13, '2025-04-22 15:59:30'),
(730, 265, 5, 1, '2025-04-19', 'absent', 13, '2025-04-22 15:59:30'),
(731, 266, 5, 1, '2025-04-19', 'absent', 13, '2025-04-22 15:59:30'),
(732, 267, 5, 1, '2025-04-19', 'absent', 13, '2025-04-22 15:59:30'),
(733, 268, 5, 1, '2025-04-19', 'absent', 13, '2025-04-22 15:59:30'),
(734, 269, 5, 1, '2025-04-19', 'absent', 13, '2025-04-22 15:59:30'),
(735, 270, 5, 1, '2025-04-19', 'absent', 13, '2025-04-22 15:59:30'),
(736, 271, 5, 1, '2025-04-19', 'absent', 13, '2025-04-22 15:59:30'),
(737, 272, 5, 1, '2025-04-19', 'absent', 13, '2025-04-22 15:59:30'),
(738, 273, 5, 1, '2025-04-19', 'absent', 13, '2025-04-22 15:59:30'),
(739, 274, 5, 1, '2025-04-19', 'absent', 13, '2025-04-22 15:59:30'),
(740, 275, 5, 1, '2025-04-19', 'absent', 13, '2025-04-22 15:59:30'),
(741, 201, 5, 1, '2025-04-23', 'absent', 13, '2025-04-23 10:19:54'),
(742, 202, 5, 1, '2025-04-23', 'present', 13, '2025-04-23 10:19:54'),
(743, 203, 5, 1, '2025-04-23', 'absent', 13, '2025-04-23 10:19:54'),
(744, 204, 5, 1, '2025-04-23', 'absent', 13, '2025-04-23 10:19:54'),
(745, 205, 5, 1, '2025-04-23', 'absent', 13, '2025-04-23 10:19:54'),
(746, 206, 5, 1, '2025-04-23', 'absent', 13, '2025-04-23 10:19:54'),
(747, 207, 5, 1, '2025-04-23', 'absent', 13, '2025-04-23 10:19:54'),
(748, 208, 5, 1, '2025-04-23', 'absent', 13, '2025-04-23 10:19:54'),
(749, 209, 5, 1, '2025-04-23', 'absent', 13, '2025-04-23 10:19:54'),
(750, 210, 5, 1, '2025-04-23', 'absent', 13, '2025-04-23 10:19:54'),
(751, 211, 5, 1, '2025-04-23', 'absent', 13, '2025-04-23 10:19:54'),
(752, 212, 5, 1, '2025-04-23', 'absent', 13, '2025-04-23 10:19:54'),
(753, 213, 5, 1, '2025-04-23', 'absent', 13, '2025-04-23 10:19:54'),
(754, 214, 5, 1, '2025-04-23', 'absent', 13, '2025-04-23 10:19:54'),
(755, 215, 5, 1, '2025-04-23', 'absent', 13, '2025-04-23 10:19:54'),
(756, 216, 5, 1, '2025-04-23', 'absent', 13, '2025-04-23 10:19:54'),
(757, 217, 5, 1, '2025-04-23', 'absent', 13, '2025-04-23 10:19:54'),
(758, 218, 5, 1, '2025-04-23', 'absent', 13, '2025-04-23 10:19:54'),
(759, 219, 5, 1, '2025-04-23', 'absent', 13, '2025-04-23 10:19:54'),
(760, 220, 5, 1, '2025-04-23', 'absent', 13, '2025-04-23 10:19:54'),
(761, 221, 5, 1, '2025-04-23', 'absent', 13, '2025-04-23 10:19:54'),
(762, 222, 5, 1, '2025-04-23', 'absent', 13, '2025-04-23 10:19:54'),
(763, 223, 5, 1, '2025-04-23', 'absent', 13, '2025-04-23 10:19:54'),
(764, 224, 5, 1, '2025-04-23', 'absent', 13, '2025-04-23 10:19:54'),
(765, 225, 5, 1, '2025-04-23', 'present', 13, '2025-04-23 10:19:54'),
(766, 226, 5, 1, '2025-04-23', 'absent', 13, '2025-04-23 10:19:54'),
(767, 227, 5, 1, '2025-04-23', 'absent', 13, '2025-04-23 10:19:54'),
(768, 228, 5, 1, '2025-04-23', 'absent', 13, '2025-04-23 10:19:54'),
(769, 229, 5, 1, '2025-04-23', 'absent', 13, '2025-04-23 10:19:54'),
(770, 230, 5, 1, '2025-04-23', 'absent', 13, '2025-04-23 10:19:54'),
(771, 231, 5, 1, '2025-04-23', 'absent', 13, '2025-04-23 10:19:54'),
(772, 232, 5, 1, '2025-04-23', 'absent', 13, '2025-04-23 10:19:54'),
(773, 233, 5, 1, '2025-04-23', 'absent', 13, '2025-04-23 10:19:54'),
(774, 234, 5, 1, '2025-04-23', 'absent', 13, '2025-04-23 10:19:54'),
(775, 235, 5, 1, '2025-04-23', 'present', 13, '2025-04-23 10:19:54'),
(776, 236, 5, 1, '2025-04-23', 'absent', 13, '2025-04-23 10:19:54'),
(777, 237, 5, 1, '2025-04-23', 'absent', 13, '2025-04-23 10:19:54'),
(778, 238, 5, 1, '2025-04-23', 'absent', 13, '2025-04-23 10:19:54'),
(779, 239, 5, 1, '2025-04-23', 'absent', 13, '2025-04-23 10:19:54'),
(780, 240, 5, 1, '2025-04-23', 'absent', 13, '2025-04-23 10:19:54'),
(781, 241, 5, 1, '2025-04-23', 'absent', 13, '2025-04-23 10:19:54'),
(782, 242, 5, 1, '2025-04-23', 'absent', 13, '2025-04-23 10:19:54'),
(783, 243, 5, 1, '2025-04-23', 'absent', 13, '2025-04-23 10:19:54'),
(784, 244, 5, 1, '2025-04-23', 'absent', 13, '2025-04-23 10:19:54'),
(785, 245, 5, 1, '2025-04-23', 'absent', 13, '2025-04-23 10:19:54'),
(786, 246, 5, 1, '2025-04-23', 'absent', 13, '2025-04-23 10:19:54'),
(787, 247, 5, 1, '2025-04-23', 'absent', 13, '2025-04-23 10:19:54'),
(788, 248, 5, 1, '2025-04-23', 'absent', 13, '2025-04-23 10:19:54'),
(789, 249, 5, 1, '2025-04-23', 'absent', 13, '2025-04-23 10:19:54'),
(790, 250, 5, 1, '2025-04-23', 'absent', 13, '2025-04-23 10:19:54'),
(791, 251, 5, 1, '2025-04-23', 'absent', 13, '2025-04-23 10:19:54'),
(792, 252, 5, 1, '2025-04-23', 'absent', 13, '2025-04-23 10:19:54'),
(793, 253, 5, 1, '2025-04-23', 'absent', 13, '2025-04-23 10:19:54'),
(794, 254, 5, 1, '2025-04-23', 'absent', 13, '2025-04-23 10:19:54'),
(795, 255, 5, 1, '2025-04-23', 'absent', 13, '2025-04-23 10:19:54'),
(796, 256, 5, 1, '2025-04-23', 'absent', 13, '2025-04-23 10:19:54'),
(797, 257, 5, 1, '2025-04-23', 'absent', 13, '2025-04-23 10:19:54'),
(798, 258, 5, 1, '2025-04-23', 'absent', 13, '2025-04-23 10:19:54'),
(799, 259, 5, 1, '2025-04-23', 'absent', 13, '2025-04-23 10:19:54'),
(800, 260, 5, 1, '2025-04-23', 'absent', 13, '2025-04-23 10:19:54'),
(801, 261, 5, 1, '2025-04-23', 'absent', 13, '2025-04-23 10:19:54'),
(802, 262, 5, 1, '2025-04-23', 'absent', 13, '2025-04-23 10:19:54'),
(803, 263, 5, 1, '2025-04-23', 'absent', 13, '2025-04-23 10:19:54'),
(804, 264, 5, 1, '2025-04-23', 'absent', 13, '2025-04-23 10:19:54'),
(805, 265, 5, 1, '2025-04-23', 'absent', 13, '2025-04-23 10:19:54'),
(806, 266, 5, 1, '2025-04-23', 'absent', 13, '2025-04-23 10:19:54'),
(807, 267, 5, 1, '2025-04-23', 'absent', 13, '2025-04-23 10:19:54'),
(808, 268, 5, 1, '2025-04-23', 'absent', 13, '2025-04-23 10:19:54'),
(809, 269, 5, 1, '2025-04-23', 'absent', 13, '2025-04-23 10:19:54'),
(810, 270, 5, 1, '2025-04-23', 'absent', 13, '2025-04-23 10:19:54'),
(811, 271, 5, 1, '2025-04-23', 'absent', 13, '2025-04-23 10:19:54'),
(812, 272, 5, 1, '2025-04-23', 'absent', 13, '2025-04-23 10:19:54'),
(813, 273, 5, 1, '2025-04-23', 'absent', 13, '2025-04-23 10:19:54'),
(814, 274, 5, 1, '2025-04-23', 'absent', 13, '2025-04-23 10:19:54'),
(815, 275, 5, 1, '2025-04-23', 'absent', 13, '2025-04-23 10:19:54');

-- --------------------------------------------------------

--
-- Table structure for table `attendance_deadline_extensions`
--

CREATE TABLE `attendance_deadline_extensions` (
  `id` int(11) NOT NULL,
  `faculty_assignment_id` int(11) NOT NULL COMMENT 'FK to faculty_assignments table',
  `allowed_date` date NOT NULL COMMENT 'The specific date attendance is allowed for',
  `extended_until` datetime NOT NULL COMMENT 'The new deadline time',
  `granted_by_admin_id` int(11) NOT NULL COMMENT 'FK to users table (role=admin/dean)',
  `created_at` timestamp NOT NULL DEFAULT current_timestamp()
) ENGINE=InnoDB DEFAULT CHARSET=utf8mb4 COLLATE=utf8mb4_general_ci;

--
-- Dumping data for table `attendance_deadline_extensions`
--

INSERT INTO `attendance_deadline_extensions` (`id`, `faculty_assignment_id`, `allowed_date`, `extended_until`, `granted_by_admin_id`, `created_at`) VALUES
(3, 11, '2025-04-21', '2025-04-21 23:59:59', 1, '2025-04-22 15:20:31'),
(4, 11, '2025-04-20', '2025-04-22 23:59:59', 1, '2025-04-22 15:28:17'),
(5, 11, '2025-04-19', '2025-04-22 23:59:59', 1, '2025-04-22 15:36:04'),
(6, 11, '2025-04-17', '2025-04-22 23:59:59', 1, '2025-04-22 19:10:30'),
(7, 11, '2025-04-10', '2025-04-23 23:59:59', 1, '2025-04-23 10:10:48');

-- --------------------------------------------------------

--
-- Table structure for table `departments`
--

CREATE TABLE `departments` (
  `id` int(11) NOT NULL,
  `name` varchar(150) NOT NULL COMMENT 'e.g., Computer Science, IT, ECE',
  `hod_user_id` int(11) DEFAULT NULL COMMENT 'FK to users table for HOD role'
) ENGINE=InnoDB DEFAULT CHARSET=utf8mb4 COLLATE=utf8mb4_general_ci;

--
-- Dumping data for table `departments`
--

INSERT INTO `departments` (`id`, `name`, `hod_user_id`) VALUES
(1, 'Computer Science & Engineering', 2),
(2, 'Information Technology', 3),
(3, 'Electronics & Communication', 4);

-- --------------------------------------------------------

--
-- Table structure for table `faculty_assignments`
--

CREATE TABLE `faculty_assignments` (
  `id` int(11) NOT NULL,
  `teacher_user_id` int(11) NOT NULL COMMENT 'FK to users table (role=teacher)',
  `subject_id` int(11) NOT NULL COMMENT 'FK to subjects table',
  `section_id` int(11) NOT NULL COMMENT 'FK to sections table',
  `academic_year` varchar(10) DEFAULT NULL COMMENT 'Optional: e.g., 2024-2025'
) ENGINE=InnoDB DEFAULT CHARSET=utf8mb4 COLLATE=utf8mb4_general_ci;

--
-- Dumping data for table `faculty_assignments`
--

INSERT INTO `faculty_assignments` (`id`, `teacher_user_id`, `subject_id`, `section_id`, `academic_year`) VALUES
(1, 11, 3, 1, '2024-2025'),
(10, 11, 6, 5, '2025-2026'),
(2, 12, 8, 1, '2024-2025'),
(11, 13, 5, 1, '2025-2026'),
(3, 13, 10, 1, '2024-2025'),
(4, 14, 11, 1, '2024-2025'),
(12, 15, 9, 2, '2025-2026'),
(5, 15, 12, 1, '2024-2025'),
(6, 16, 13, 1, '2024-2025'),
(7, 17, 5, 4, '2024-2025'),
(8, 18, 6, 5, '2024-2025'),
(9, 18, 7, 5, '2025-2026');

-- --------------------------------------------------------

--
-- Table structure for table `notifications`
--

CREATE TABLE `notifications` (
  `id` int(11) NOT NULL,
  `user_id` int(11) NOT NULL,
  `sender_id` int(11) DEFAULT NULL,
  `sender_role` varchar(20) DEFAULT NULL,
  `message` text NOT NULL,
  `type` varchar(30) DEFAULT NULL,
  `is_read` tinyint(1) DEFAULT 0,
  `created_at` datetime DEFAULT current_timestamp()
) ENGINE=InnoDB DEFAULT CHARSET=utf8mb4 COLLATE=utf8mb4_general_ci;

--
-- Dumping data for table `notifications`
--

INSERT INTO `notifications` (`id`, `user_id`, `sender_id`, `sender_role`, `message`, `type`, `is_read`, `created_at`) VALUES
(1, 11, 1, 'admin', 'Please come for meeting tomorrow 9 AM', 'custom', 0, '2025-04-21 11:23:48'),
(2, 12, 1, 'admin', 'Please come for meeting tomorrow 9 AM', 'custom', 0, '2025-04-21 11:23:48'),
(3, 13, 1, 'admin', 'Please come for meeting tomorrow 9 AM', 'custom', 0, '2025-04-21 11:23:48'),
(4, 14, 1, 'admin', 'Please come for meeting tomorrow 9 AM', 'custom', 0, '2025-04-21 11:23:48'),
(5, 15, 1, 'admin', 'Please come for meeting tomorrow 9 AM', 'custom', 0, '2025-04-21 11:23:48'),
(6, 16, 1, 'admin', 'Please come for meeting tomorrow 9 AM', 'custom', 0, '2025-04-21 11:23:48'),
(7, 17, 1, 'admin', 'Please come for meeting tomorrow 9 AM', 'custom', 0, '2025-04-21 11:23:48'),
(8, 18, 1, 'admin', 'Please come for meeting tomorrow 9 AM', 'custom', 0, '2025-04-21 11:23:48'),
(9, 11, 1, 'admin', 'Please come for workshop tomorrow at New ICT at 10 AM', 'custom', 0, '2025-04-22 09:28:10'),
(10, 12, 1, 'admin', 'Please come for workshop tomorrow at New ICT at 10 AM', 'custom', 0, '2025-04-22 09:28:10'),
(11, 13, 1, 'admin', 'Please come for workshop tomorrow at New ICT at 10 AM', 'custom', 0, '2025-04-22 09:28:10'),
(12, 14, 1, 'admin', 'Please come for workshop tomorrow at New ICT at 10 AM', 'custom', 0, '2025-04-22 09:28:10'),
(13, 15, 1, 'admin', 'Please come for workshop tomorrow at New ICT at 10 AM', 'custom', 0, '2025-04-22 09:28:10'),
(14, 16, 1, 'admin', 'Please come for workshop tomorrow at New ICT at 10 AM', 'custom', 0, '2025-04-22 09:28:10'),
(15, 17, 1, 'admin', 'Please come for workshop tomorrow at New ICT at 10 AM', 'custom', 0, '2025-04-22 09:28:10'),
(16, 18, 1, 'admin', 'Please come for workshop tomorrow at New ICT at 10 AM', 'custom', 0, '2025-04-22 09:28:10'),
(17, 2, 1, 'admin', 'good morning', 'custom', 0, '2025-04-22 12:28:05');

-- --------------------------------------------------------

--
-- Table structure for table `password_resets`
--

CREATE TABLE `password_resets` (
  `id` int(11) NOT NULL,
  `email` varchar(255) NOT NULL,
  `token` varchar(255) NOT NULL,
  `expires_at` datetime NOT NULL
) ENGINE=InnoDB DEFAULT CHARSET=utf8mb4 COLLATE=utf8mb4_general_ci;

-- --------------------------------------------------------

--
-- Table structure for table `programs`
--

CREATE TABLE `programs` (
  `id` int(11) NOT NULL,
  `department_id` int(11) NOT NULL COMMENT 'FK to departments table',
  `name` varchar(255) NOT NULL COMMENT 'e.g., B.Tech Computer Science & Engineering',
  `duration_years` int(11) NOT NULL COMMENT 'e.g., 3, 4, 5'
) ENGINE=InnoDB DEFAULT CHARSET=utf8mb4 COLLATE=utf8mb4_general_ci;

--
-- Dumping data for table `programs`
--

INSERT INTO `programs` (`id`, `department_id`, `name`, `duration_years`) VALUES
(1, 1, 'B.Tech Computer Science & Engineering', 4),
(2, 2, 'B.Tech Information Technology', 4),
(3, 3, 'B.Tech Electronics & Communication', 4),
(4, 1, 'B.C.A.', 3),
(5, 1, 'Integrated B.Tech (CSE) + M.Tech', 5);

-- --------------------------------------------------------

--
-- Table structure for table `sections`
--

CREATE TABLE `sections` (
  `id` int(11) NOT NULL,
  `program_id` int(11) NOT NULL COMMENT 'FK to programs table',
  `year` int(11) NOT NULL COMMENT 'e.g., 1, 2, 3, 4, 5',
  `section_name` varchar(50) NOT NULL COMMENT 'e.g., A, B, CSE-1'
) ENGINE=InnoDB DEFAULT CHARSET=utf8mb4 COLLATE=utf8mb4_general_ci;

--
-- Dumping data for table `sections`
--

INSERT INTO `sections` (`id`, `program_id`, `year`, `section_name`) VALUES
(2, 1, 1, 'A'),
(3, 1, 1, 'B'),
(1, 1, 3, 'A'),
(4, 2, 2, 'A'),
(5, 3, 1, 'A'),
(6, 4, 1, 'A');

-- --------------------------------------------------------

--
-- Table structure for table `settings`
--

CREATE TABLE `settings` (
  `id` int(11) NOT NULL,
  `user_id` int(11) NOT NULL,
  `theme` enum('light','dark') DEFAULT 'light',
  `language` enum('en','hi') DEFAULT 'en'
) ENGINE=InnoDB DEFAULT CHARSET=utf8mb4 COLLATE=utf8mb4_general_ci;

-- --------------------------------------------------------

--
-- Table structure for table `subjects`
--

CREATE TABLE `subjects` (
  `id` int(11) NOT NULL,
  `code` varchar(20) DEFAULT NULL COMMENT 'Optional subject code',
  `name` varchar(150) NOT NULL COMMENT 'e.g., Software Engineering'
) ENGINE=InnoDB DEFAULT CHARSET=utf8mb4 COLLATE=utf8mb4_general_ci;

--
-- Dumping data for table `subjects`
--

INSERT INTO `subjects` (`id`, `code`, `name`) VALUES
(1, 'CS-301', 'Data Structures & Algorithms'),
(2, 'CS-303', 'Operating Systems'),
(3, 'CS-XXX', 'Management Information System'),
(4, 'CS-307', 'Software Engineering'),
(5, 'IT-202', 'Web Development'),
(6, 'EC-101', 'Digital Logic Design'),
(7, 'EC-201', 'Signals and Systems'),
(8, 'IT-401', 'Cyber Security'),
(9, 'CS-101', 'Programming Fundamentals');

-- --------------------------------------------------------

--
-- Table structure for table `users`
--

CREATE TABLE `users` (
  `id` int(11) NOT NULL,
  `username` varchar(50) NOT NULL,
  `email` varchar(100) NOT NULL,
  `password` varchar(255) NOT NULL,
  `role` enum('student','teacher','admin','parent','hod') NOT NULL COMMENT 'admin=Dean, hod=HOD',
  `parent_id` int(11) DEFAULT NULL,
  `department_id` int(11) DEFAULT NULL COMMENT 'FK to departments.id (HODs/Teachers)',
  `program_id` int(11) DEFAULT NULL COMMENT 'FK to programs.id (Students)',
  `section_id` int(11) DEFAULT NULL COMMENT 'FK to sections.id (Students)',
  `created_at` timestamp NOT NULL DEFAULT current_timestamp()
) ENGINE=InnoDB DEFAULT CHARSET=utf8mb4 COLLATE=utf8mb4_general_ci;

--
-- Dumping data for table `users`
--

INSERT INTO `users` (`id`, `username`, `email`, `password`, `role`, `parent_id`, `department_id`, `program_id`, `section_id`, `created_at`) VALUES
(1, 'Dean ICT', 'dean.ict@gbu.ac.in', 'adminpass', 'admin', NULL, NULL, NULL, NULL, '2025-04-21 15:22:23'),
(2, 'Arun Solanki', 'arun.solanki@gbu.ac.in', 'hodpass1', 'hod', NULL, 1, NULL, NULL, '2025-04-21 15:22:23'),
(3, 'Neeta Singh', 'neeta.singh@gbu.ac.in', 'hodpass2', 'hod', NULL, 2, NULL, NULL, '2025-04-21 15:22:23'),
(4, 'Vidushi Sharma', 'vidushi.sharma@gbu.ac.in', 'hodpass3', 'hod', NULL, 3, NULL, NULL, '2025-04-21 15:22:23'),
(11, 'Archana Singh', 'archana.singh@gbu.ac.in', 'teacherpass', 'teacher', NULL, 1, NULL, NULL, '2025-04-21 15:22:23'),
(12, 'Sonu Kumar', 'sonu.kumar@gbu.ac.in', 'teacherpass', 'teacher', NULL, 1, NULL, NULL, '2025-04-21 15:22:23'),
(13, 'Rakesh Kumar', 'rakesh.kumar@gbu.ac.in', 'teacherpass', 'teacher', NULL, 1, NULL, NULL, '2025-04-21 15:22:23'),
(14, 'Bhawana Yadav', 'bhawana.yadav@gbu.ac.in', 'teacherpass', 'teacher', NULL, 1, NULL, NULL, '2025-04-21 15:22:23'),
(15, 'KK Biswas', 'kk.biswas@gbu.ac.in', 'teacherpass', 'teacher', NULL, 1, NULL, NULL, '2025-04-21 15:22:23'),
(16, 'Shashi Prabha Chahal', 'shashi.chahal@gbu.ac.in', 'teacherpass', 'teacher', NULL, 1, NULL, NULL, '2025-04-21 15:22:23'),
(17, 'Faculty IT 1', 'faculty.it1@gbu.ac.in', 'teacherpass', 'teacher', NULL, 2, NULL, NULL, '2025-04-21 15:22:23'),
(18, 'Faculty ECE 1', 'faculty.ece1@gbu.ac.in', 'teacherpass', 'teacher', NULL, 3, NULL, NULL, '2025-04-21 15:22:23'),
(101, 'Parent_22UCS001', 'parent101@gbu.ac.in', 'password123', 'parent', NULL, NULL, NULL, NULL, '2025-04-21 15:22:23'),
(102, 'Parent_22UCS002', 'parent102@gbu.ac.in', 'password123', 'parent', NULL, NULL, NULL, NULL, '2025-04-21 15:22:23'),
(103, 'Parent_22UCS003', 'parent103@gbu.ac.in', 'password123', 'parent', NULL, NULL, NULL, NULL, '2025-04-21 15:22:23'),
(104, 'Parent_22UCS004', 'parent104@gbu.ac.in', 'password123', 'parent', NULL, NULL, NULL, NULL, '2025-04-21 15:22:23'),
(105, 'Parent_22UCS005', 'parent105@gbu.ac.in', 'password123', 'parent', NULL, NULL, NULL, NULL, '2025-04-21 15:22:23'),
(106, 'Parent_22UCS006', 'parent106@gbu.ac.in', 'password123', 'parent', NULL, NULL, NULL, NULL, '2025-04-21 15:22:23'),
(107, 'Parent_22UCS007', 'parent107@gbu.ac.in', 'password123', 'parent', NULL, NULL, NULL, NULL, '2025-04-21 15:22:23'),
(108, 'Parent_22UCS008', 'parent108@gbu.ac.in', 'password123', 'parent', NULL, NULL, NULL, NULL, '2025-04-21 15:22:23'),
(109, 'Parent_22UCS009', 'parent109@gbu.ac.in', 'password123', 'parent', NULL, NULL, NULL, NULL, '2025-04-21 15:22:23'),
(110, 'Parent_22UCS010', 'parent110@gbu.ac.in', 'password123', 'parent', NULL, NULL, NULL, NULL, '2025-04-21 15:22:23'),
(111, 'Parent_22UCS011', 'parent111@gbu.ac.in', 'password123', 'parent', NULL, NULL, NULL, NULL, '2025-04-21 15:22:23'),
(112, 'Parent_22UCS012', 'parent112@gbu.ac.in', 'password123', 'parent', NULL, NULL, NULL, NULL, '2025-04-21 15:22:23'),
(113, 'Parent_22UCS013', 'parent113@gbu.ac.in', 'password123', 'parent', NULL, NULL, NULL, NULL, '2025-04-21 15:22:23'),
(114, 'Parent_22UCS014', 'parent114@gbu.ac.in', 'password123', 'parent', NULL, NULL, NULL, NULL, '2025-04-21 15:22:23'),
(115, 'Parent_22UCS015', 'parent115@gbu.ac.in', 'password123', 'parent', NULL, NULL, NULL, NULL, '2025-04-21 15:22:23'),
(116, 'Parent_22UCS016', 'parent116@gbu.ac.in', 'password123', 'parent', NULL, NULL, NULL, NULL, '2025-04-21 15:22:23'),
(117, 'Parent_22UCS017', 'parent117@gbu.ac.in', 'password123', 'parent', NULL, NULL, NULL, NULL, '2025-04-21 15:22:23'),
(118, 'Parent_22UCS018', 'parent118@gbu.ac.in', 'password123', 'parent', NULL, NULL, NULL, NULL, '2025-04-21 15:22:23'),
(119, 'Parent_22UCS019', 'parent119@gbu.ac.in', 'password123', 'parent', NULL, NULL, NULL, NULL, '2025-04-21 15:22:23'),
(120, 'Parent_22UCS021', 'parent120@gbu.ac.in', 'password123', 'parent', NULL, NULL, NULL, NULL, '2025-04-21 15:22:23'),
(121, 'Parent_22UCS022', 'parent121@gbu.ac.in', 'password123', 'parent', NULL, NULL, NULL, NULL, '2025-04-21 15:22:23'),
(122, 'Parent_22UCS023', 'parent122@gbu.ac.in', 'password123', 'parent', NULL, NULL, NULL, NULL, '2025-04-21 15:22:23'),
(123, 'Parent_22UCS024', 'parent123@gbu.ac.in', 'password123', 'parent', NULL, NULL, NULL, NULL, '2025-04-21 15:22:23'),
(124, 'Parent_22UCS025', 'parent124@gbu.ac.in', 'password123', 'parent', NULL, NULL, NULL, NULL, '2025-04-21 15:22:23'),
(125, 'Parent_22UCS026', 'parent125@gbu.ac.in', 'password123', 'parent', NULL, NULL, NULL, NULL, '2025-04-21 15:22:23'),
(126, 'Parent_22UCS028', 'parent126@gbu.ac.in', 'password123', 'parent', NULL, NULL, NULL, NULL, '2025-04-21 15:22:23'),
(127, 'Parent_22UCS029', 'parent127@gbu.ac.in', 'password123', 'parent', NULL, NULL, NULL, NULL, '2025-04-21 15:22:23'),
(128, 'Parent_22UCS030', 'parent128@gbu.ac.in', 'password123', 'parent', NULL, NULL, NULL, NULL, '2025-04-21 15:22:23'),
(129, 'Parent_22UCS031', 'parent129@gbu.ac.in', 'password123', 'parent', NULL, NULL, NULL, NULL, '2025-04-21 15:22:23'),
(130, 'Parent_22UCS032', 'parent130@gbu.ac.in', 'password123', 'parent', NULL, NULL, NULL, NULL, '2025-04-21 15:22:23'),
(131, 'Parent_22UCS033', 'parent131@gbu.ac.in', 'password123', 'parent', NULL, NULL, NULL, NULL, '2025-04-21 15:22:23'),
(132, 'Parent_22UCS034', 'parent132@gbu.ac.in', 'password123', 'parent', NULL, NULL, NULL, NULL, '2025-04-21 15:22:23'),
(133, 'Parent_22UCS035', 'parent133@gbu.ac.in', 'password123', 'parent', NULL, NULL, NULL, NULL, '2025-04-21 15:22:23'),
(134, 'Parent_22UCS036', 'parent134@gbu.ac.in', 'password123', 'parent', NULL, NULL, NULL, NULL, '2025-04-21 15:22:23'),
(135, 'Parent_22UCS037', 'parent135@gbu.ac.in', 'password123', 'parent', NULL, NULL, NULL, NULL, '2025-04-21 15:22:23'),
(136, 'Parent_22UCS039', 'parent136@gbu.ac.in', 'password123', 'parent', NULL, NULL, NULL, NULL, '2025-04-21 15:22:23'),
(137, 'Parent_22UCS040', 'parent137@gbu.ac.in', 'password123', 'parent', NULL, NULL, NULL, NULL, '2025-04-21 15:22:23'),
(138, 'Parent_22UCS041', 'parent138@gbu.ac.in', 'password123', 'parent', NULL, NULL, NULL, NULL, '2025-04-21 15:22:23'),
(139, 'Parent_22UCS042', 'parent139@gbu.ac.in', 'password123', 'parent', NULL, NULL, NULL, NULL, '2025-04-21 15:22:23'),
(140, 'Parent_22UCS043', 'parent140@gbu.ac.in', 'password123', 'parent', NULL, NULL, NULL, NULL, '2025-04-21 15:22:23'),
(141, 'Parent_22UCS044', 'parent141@gbu.ac.in', 'password123', 'parent', NULL, NULL, NULL, NULL, '2025-04-21 15:22:23'),
(142, 'Parent_22UCS045', 'parent142@gbu.ac.in', 'password123', 'parent', NULL, NULL, NULL, NULL, '2025-04-21 15:22:23'),
(143, 'Parent_22UCS046', 'parent143@gbu.ac.in', 'password123', 'parent', NULL, NULL, NULL, NULL, '2025-04-21 15:22:23'),
(144, 'Parent_22UCS047', 'parent144@gbu.ac.in', 'password123', 'parent', NULL, NULL, NULL, NULL, '2025-04-21 15:22:23'),
(145, 'Parent_22UCS048', 'parent145@gbu.ac.in', 'password123', 'parent', NULL, NULL, NULL, NULL, '2025-04-21 15:22:23'),
(146, 'Parent_22UCS049', 'parent146@gbu.ac.in', 'password123', 'parent', NULL, NULL, NULL, NULL, '2025-04-21 15:22:23'),
(147, 'Parent_22UCS050', 'parent147@gbu.ac.in', 'password123', 'parent', NULL, NULL, NULL, NULL, '2025-04-21 15:22:23'),
(148, 'Parent_22UCS051', 'parent148@gbu.ac.in', 'password123', 'parent', NULL, NULL, NULL, NULL, '2025-04-21 15:22:23'),
(149, 'Parent_22UCS052', 'parent149@gbu.ac.in', 'password123', 'parent', NULL, NULL, NULL, NULL, '2025-04-21 15:22:23'),
(150, 'Parent_22UCS053', 'parent150@gbu.ac.in', 'password123', 'parent', NULL, NULL, NULL, NULL, '2025-04-21 15:22:23'),
(151, 'Parent_22UCS054', 'parent151@gbu.ac.in', 'password123', 'parent', NULL, NULL, NULL, NULL, '2025-04-21 15:22:23'),
(152, 'Parent_22UCS055', 'parent152@gbu.ac.in', 'password123', 'parent', NULL, NULL, NULL, NULL, '2025-04-21 15:22:23'),
(153, 'Parent_22UCS056', 'parent153@gbu.ac.in', 'password123', 'parent', NULL, NULL, NULL, NULL, '2025-04-21 15:22:23'),
(154, 'Parent_22UCS057', 'parent154@gbu.ac.in', 'password123', 'parent', NULL, NULL, NULL, NULL, '2025-04-21 15:22:23'),
(155, 'Parent_22UCS058', 'parent155@gbu.ac.in', 'password123', 'parent', NULL, NULL, NULL, NULL, '2025-04-21 15:22:23'),
(156, 'Parent_22UCS059', 'parent156@gbu.ac.in', 'password123', 'parent', NULL, NULL, NULL, NULL, '2025-04-21 15:22:23'),
(157, 'Parent_22UCS060', 'parent157@gbu.ac.in', 'password123', 'parent', NULL, NULL, NULL, NULL, '2025-04-21 15:22:23'),
(158, 'Parent_22UCS061', 'parent158@gbu.ac.in', 'password123', 'parent', NULL, NULL, NULL, NULL, '2025-04-21 15:22:23'),
(159, 'Parent_22UCS063', 'parent159@gbu.ac.in', 'password123', 'parent', NULL, NULL, NULL, NULL, '2025-04-21 15:22:23'),
(160, 'Parent_22UCS065', 'parent160@gbu.ac.in', 'password123', 'parent', NULL, NULL, NULL, NULL, '2025-04-21 15:22:23'),
(161, 'Parent_22UCS066', 'parent161@gbu.ac.in', 'password123', 'parent', NULL, NULL, NULL, NULL, '2025-04-21 15:22:23'),
(162, 'Parent_22UCS067', 'parent162@gbu.ac.in', 'password123', 'parent', NULL, NULL, NULL, NULL, '2025-04-21 15:22:23'),
(163, 'Parent_22UCS068', 'parent163@gbu.ac.in', 'password123', 'parent', NULL, NULL, NULL, NULL, '2025-04-21 15:22:23'),
(164, 'Parent_22UCS069', 'parent164@gbu.ac.in', 'password123', 'parent', NULL, NULL, NULL, NULL, '2025-04-21 15:22:23'),
(165, 'Parent_22UCS070', 'parent165@gbu.ac.in', 'password123', 'parent', NULL, NULL, NULL, NULL, '2025-04-21 15:22:23'),
(166, 'Parent_22UCS071', 'parent166@gbu.ac.in', 'password123', 'parent', NULL, NULL, NULL, NULL, '2025-04-21 15:22:23'),
(167, 'Parent_22UCS072', 'parent167@gbu.ac.in', 'password123', 'parent', NULL, NULL, NULL, NULL, '2025-04-21 15:22:23'),
(168, 'Parent_22UCS073', 'parent168@gbu.ac.in', 'password123', 'parent', NULL, NULL, NULL, NULL, '2025-04-21 15:22:23'),
(169, 'Parent_22UCS074', 'parent169@gbu.ac.in', 'password123', 'parent', NULL, NULL, NULL, NULL, '2025-04-21 15:22:23'),
(170, 'Parent_23LCS002', 'parent170@gbu.ac.in', 'password123', 'parent', NULL, NULL, NULL, NULL, '2025-04-21 15:22:23'),
(171, 'Parent_23LCS003', 'parent171@gbu.ac.in', 'password123', 'parent', NULL, NULL, NULL, NULL, '2025-04-21 15:22:23'),
(172, 'Parent_23LCS004', 'parent172@gbu.ac.in', 'password123', 'parent', NULL, NULL, NULL, NULL, '2025-04-21 15:22:23'),
(173, 'Parent_23LCS005', 'parent173@gbu.ac.in', 'password123', 'parent', NULL, NULL, NULL, NULL, '2025-04-21 15:22:23'),
(174, 'Parent_23LCS006', 'parent174@gbu.ac.in', 'password123', 'parent', NULL, NULL, NULL, NULL, '2025-04-21 15:22:23'),
(175, 'Parent_23LCS007', 'parent175@gbu.ac.in', 'password123', 'parent', NULL, NULL, NULL, NULL, '2025-04-21 15:22:23'),
(176, 'Parent_23UIT001', 'parent176@gbu.ac.in', 'password123', 'parent', NULL, NULL, NULL, NULL, '2025-04-21 16:10:26'),
(177, 'Parent_23UIT002', 'parent177@gbu.ac.in', 'password123', 'parent', NULL, NULL, NULL, NULL, '2025-04-21 16:10:26'),
(178, 'Parent_24UEC001', 'parent178@gbu.ac.in', 'password123', 'parent', NULL, NULL, NULL, NULL, '2025-04-21 16:10:26'),
(179, 'Parent_24UEC002', 'parent179@gbu.ac.in', 'password123', 'parent', NULL, NULL, NULL, NULL, '2025-04-21 16:10:26'),
(201, 'Aryan Dwivedy', '22UCS001@gbu.ac.in', 'password123', 'student', 101, NULL, 1, 1, '2025-04-21 15:22:23'),
(202, 'Aastha Anand', '22UCS002@gbu.ac.in', 'password123', 'student', 102, NULL, 1, 1, '2025-04-21 15:22:23'),
(203, 'Abhay Srivastava', '22UCS003@gbu.ac.in', 'password123', 'student', 103, NULL, 1, 1, '2025-04-21 15:22:23'),
(204, 'Adarsh Tiwari', '22UCS004@gbu.ac.in', 'password123', 'student', 104, NULL, 1, 1, '2025-04-21 15:22:23'),
(205, 'Akash Katiyar', '22UCS005@gbu.ac.in', 'password123', 'student', 105, NULL, 1, 1, '2025-04-21 15:22:23'),
(206, 'Anamika Bharti', '22UCS006@gbu.ac.in', 'password123', 'student', 106, NULL, 1, 1, '2025-04-21 15:22:23'),
(207, 'Ananya biswas', '22UCS007@gbu.ac.in', 'password123', 'student', 107, NULL, 1, 1, '2025-04-21 15:22:23'),
(208, 'ANIKAIT PRAKASH', '22UCS008@gbu.ac.in', 'password123', 'student', 108, NULL, 1, 1, '2025-04-21 15:22:23'),
(209, 'ANURAG KUMAR SAVITA', '22UCS009@gbu.ac.in', 'password123', 'student', 109, NULL, 1, 1, '2025-04-21 15:22:23'),
(210, 'HARSHITA SINGH', '22UCS010@gbu.ac.in', 'password123', 'student', 110, NULL, 1, 1, '2025-04-21 15:22:23'),
(211, 'Arnav Bhatt', '22UCS011@gbu.ac.in', 'password123', 'student', 111, NULL, 1, 1, '2025-04-21 15:22:23'),
(212, 'Aryan Chaudhary', '22UCS012@gbu.ac.in', 'password123', 'student', 112, NULL, 1, 1, '2025-04-21 15:22:23'),
(213, 'Aryan Upadhyay', '22UCS013@gbu.ac.in', 'password123', 'student', 113, NULL, 1, 1, '2025-04-21 15:22:23'),
(214, 'Aryan Vivan', '22UCS014@gbu.ac.in', 'password123', 'student', 114, NULL, 1, 1, '2025-04-21 15:22:23'),
(215, 'ASHWANI BHARATI', '22UCS015@gbu.ac.in', 'password123', 'student', 115, NULL, 1, 1, '2025-04-21 15:22:23'),
(216, 'ASTHA TYAGI', '22UCS016@gbu.ac.in', 'password123', 'student', 116, NULL, 1, 1, '2025-04-21 15:22:23'),
(217, 'AYAN KAUSHIK', '22UCS017@gbu.ac.in', 'password123', 'student', 117, NULL, 1, 1, '2025-04-21 15:22:23'),
(218, 'Dev Kinha', '22UCS018@gbu.ac.in', 'password123', 'student', 118, NULL, 1, 1, '2025-04-21 15:22:23'),
(219, 'Pragya Gupta', '22UCS019@gbu.ac.in', 'password123', 'student', 119, NULL, 1, 1, '2025-04-21 15:22:23'),
(220, 'DIVYANSH SINGH', '22UCS021@gbu.ac.in', 'password123', 'student', 120, NULL, 1, 1, '2025-04-21 15:22:23'),
(221, 'SUDESH KUMAR', '22UCS022@gbu.ac.in', 'password123', 'student', 121, NULL, 1, 1, '2025-04-21 15:22:23'),
(222, 'Gauri sagar', '22UCS023@gbu.ac.in', 'password123', 'student', 122, NULL, 1, 1, '2025-04-21 15:22:23'),
(223, 'Girisha', '22UCS024@gbu.ac.in', 'password123', 'student', 123, NULL, 1, 1, '2025-04-21 15:22:23'),
(224, 'GUNGUN', '22UCS025@gbu.ac.in', 'password123', 'student', 124, NULL, 1, 1, '2025-04-21 15:22:23'),
(225, 'Harsh Saini', '22UCS026@gbu.ac.in', 'password123', 'student', 125, NULL, 1, 1, '2025-04-21 15:22:23'),
(226, 'Himanshu Kumar', '22UCS028@gbu.ac.in', 'password123', 'student', 126, NULL, 1, 1, '2025-04-21 15:22:23'),
(227, 'Kanishk Kadyan', '22UCS029@gbu.ac.in', 'password123', 'student', 127, NULL, 1, 1, '2025-04-21 15:22:23'),
(228, 'Khyati Singh', '22UCS030@gbu.ac.in', 'password123', 'student', 128, NULL, 1, 1, '2025-04-21 15:22:23'),
(229, 'Kinisha Gupta', '22UCS031@gbu.ac.in', 'password123', 'student', 129, NULL, 1, 1, '2025-04-21 15:22:23'),
(230, 'Kunal Singh', '22UCS032@gbu.ac.in', 'password123', 'student', 130, NULL, 1, 1, '2025-04-21 15:22:23'),
(231, 'Maahi Shankhdhar', '22UCS033@gbu.ac.in', 'password123', 'student', 131, NULL, 1, 1, '2025-04-21 15:22:23'),
(232, 'MANVI YADAV', '22UCS034@gbu.ac.in', 'password123', 'student', 132, NULL, 1, 1, '2025-04-21 15:22:23'),
(233, 'Nandini parashar', '22UCS035@gbu.ac.in', 'password123', 'student', 133, NULL, 1, 1, '2025-04-21 15:22:23'),
(234, 'NEELAKSH KRISHNA THAKUR', '22UCS036@gbu.ac.in', 'password123', 'student', 134, NULL, 1, 1, '2025-04-21 15:22:23'),
(235, 'Nikhil Chaudhary', '22UCS037@gbu.ac.in', 'password123', 'student', 135, NULL, 1, 1, '2025-04-21 15:22:23'),
(236, 'PRANATI CHOUDHARY', '22UCS039@gbu.ac.in', 'password123', 'student', 136, NULL, 1, 1, '2025-04-21 15:22:23'),
(237, 'Pranjal Kumar', '22UCS040@gbu.ac.in', 'password123', 'student', 137, NULL, 1, 1, '2025-04-21 15:22:23'),
(238, 'PRANSHUL SINGH', '22UCS041@gbu.ac.in', 'password123', 'student', 138, NULL, 1, 1, '2025-04-21 15:22:23'),
(239, 'Prashant Tiwari', '22UCS042@gbu.ac.in', 'password123', 'student', 139, NULL, 1, 1, '2025-04-21 15:22:23'),
(240, 'Pratibha sahu', '22UCS043@gbu.ac.in', 'password123', 'student', 140, NULL, 1, 1, '2025-04-21 15:22:23'),
(241, 'Priya Sahu', '22UCS044@gbu.ac.in', 'password123', 'student', 141, NULL, 1, 1, '2025-04-21 15:22:23'),
(242, 'Priyam Patel', '22UCS045@gbu.ac.in', 'password123', 'student', 142, NULL, 1, 1, '2025-04-21 15:22:23'),
(243, 'Priyanshu Pandey', '22UCS046@gbu.ac.in', 'password123', 'student', 143, NULL, 1, 1, '2025-04-21 15:22:23'),
(244, 'Priyanshu Chaudhary', '22UCS047@gbu.ac.in', 'password123', 'student', 144, NULL, 1, 1, '2025-04-21 15:22:23'),
(245, 'Pulkit Choudhary', '22UCS048@gbu.ac.in', 'password123', 'student', 145, NULL, 1, 1, '2025-04-21 15:22:23'),
(246, 'PUSHPENDRA', '22UCS049@gbu.ac.in', 'password123', 'student', 146, NULL, 1, 1, '2025-04-21 15:22:23'),
(247, 'Raghav Rajput', '22UCS050@gbu.ac.in', 'password123', 'student', 147, NULL, 1, 1, '2025-04-21 15:22:23'),
(248, 'Raj Puri', '22UCS051@gbu.ac.in', 'password123', 'student', 148, NULL, 1, 1, '2025-04-21 15:22:23'),
(249, 'Rashi Daga', '22UCS052@gbu.ac.in', 'password123', 'student', 149, NULL, 1, 1, '2025-04-21 15:22:23'),
(250, 'Rohan Yadav', '22UCS053@gbu.ac.in', 'password123', 'student', 150, NULL, 1, 1, '2025-04-21 15:22:23'),
(251, 'Rupal Rajput', '22UCS054@gbu.ac.in', 'password123', 'student', 151, NULL, 1, 1, '2025-04-21 15:22:23'),
(252, 'Sameer Kumar', '22UCS055@gbu.ac.in', 'password123', 'student', 152, NULL, 1, 1, '2025-04-21 15:22:23'),
(253, 'SAMEKSHAA MAULIKAA', '22UCS056@gbu.ac.in', 'password123', 'student', 153, NULL, 1, 1, '2025-04-21 15:22:23'),
(254, 'Sanyam saini', '22UCS057@gbu.ac.in', 'password123', 'student', 154, NULL, 1, 1, '2025-04-21 15:22:23'),
(255, 'Siddharth Kumar', '22UCS058@gbu.ac.in', 'password123', 'student', 155, NULL, 1, 1, '2025-04-21 15:22:23'),
(256, 'SHRUTI SINGH', '22UCS059@gbu.ac.in', 'password123', 'student', 156, NULL, 1, 1, '2025-04-21 15:22:23'),
(257, 'Shubh Gupta', '22UCS060@gbu.ac.in', 'password123', 'student', 157, NULL, 1, 1, '2025-04-21 15:22:23'),
(258, 'Siddharth Chaudhary', '22UCS061@gbu.ac.in', 'password123', 'student', 158, NULL, 1, 1, '2025-04-21 15:22:23'),
(259, 'Tarandeep Singh', '22UCS063@gbu.ac.in', 'password123', 'student', 159, NULL, 1, 1, '2025-04-21 15:22:23'),
(260, 'Tushar Teotia', '22UCS065@gbu.ac.in', 'password123', 'student', 160, NULL, 1, 1, '2025-04-21 15:22:23'),
(261, 'Vaibhav Porwal', '22UCS066@gbu.ac.in', 'password123', 'student', 161, NULL, 1, 1, '2025-04-21 15:22:23'),
(262, 'Vaibhav Singh', '22UCS067@gbu.ac.in', 'password123', 'student', 162, NULL, 1, 1, '2025-04-21 15:22:23'),
(263, 'Achyut Kumar pandey', '22UCS068@gbu.ac.in', 'password123', 'student', 163, NULL, 1, 1, '2025-04-21 15:22:23'),
(264, 'Govind Dubey', '22UCS069@gbu.ac.in', 'password123', 'student', 164, NULL, 1, 1, '2025-04-21 15:22:23'),
(265, 'UJJWAL TYAGI', '22UCS070@gbu.ac.in', 'password123', 'student', 165, NULL, 1, 1, '2025-04-21 15:22:23'),
(266, 'Harshika Chaudhary', '22UCS071@gbu.ac.in', 'password123', 'student', 166, NULL, 1, 1, '2025-04-21 15:22:23'),
(267, 'Ishaan Pandey', '22UCS072@gbu.ac.in', 'password123', 'student', 167, NULL, 1, 1, '2025-04-21 15:22:23'),
(268, 'NIKHIL THAKUR', '22UCS073@gbu.ac.in', 'password123', 'student', 168, NULL, 1, 1, '2025-04-21 15:22:23'),
(269, 'Siddharth', '22UCS074@gbu.ac.in', 'password123', 'student', 169, NULL, 1, 1, '2025-04-21 15:22:23'),
(270, 'Aditya Kumar Srivastava', '23LCS002@gbu.ac.in', 'password123', 'student', 170, NULL, 1, 1, '2025-04-21 15:22:23'),
(271, 'Vikas kumar gautam', '23LCS003@gbu.ac.in', 'password123', 'student', 171, NULL, 1, 1, '2025-04-21 15:22:23'),
(272, 'Abhisek Singh', '23LCS004@gbu.ac.in', 'password123', 'student', 172, NULL, 1, 1, '2025-04-21 15:22:23'),
(273, 'MITAKSHI SHARMA', '23LCS005@gbu.ac.in', 'password123', 'student', 173, NULL, 1, 1, '2025-04-21 15:22:23'),
(274, 'VIJAY LAXMI', '23LCS006@gbu.ac.in', 'password123', 'student', 174, NULL, 1, 1, '2025-04-21 15:22:23'),
(275, 'RAJA BABU', '23LCS007@gbu.ac.in', 'password123', 'student', 175, NULL, 1, 1, '2025-04-21 15:22:23'),
(276, 'Amit Kumar IT', '23UIT001@gbu.ac.in', 'password123', 'student', 176, NULL, 2, 4, '2025-04-21 16:10:26'),
(277, 'Sunita Sharma IT', '23UIT002@gbu.ac.in', 'password123', 'student', 177, NULL, 2, 4, '2025-04-21 16:10:26'),
(278, 'Rajesh Singh ECE', '24UEC001@gbu.ac.in', 'password123', 'student', 178, NULL, 3, 5, '2025-04-21 16:10:26'),
(279, 'Pooja Verma ECE', '24UEC002@gbu.ac.in', 'password123', 'student', 179, NULL, 3, 5, '2025-04-21 16:10:26');

--
-- Indexes for dumped tables
--

--
-- Indexes for table `attendance`
--
ALTER TABLE `attendance`
  ADD PRIMARY KEY (`id`),
  ADD UNIQUE KEY `uq_attendance` (`student_id`,`subject_id`,`section_id`,`date`),
  ADD KEY `student_id` (`student_id`),
  ADD KEY `marked_by` (`marked_by`),
  ADD KEY `fk_att_subject` (`subject_id`),
  ADD KEY `fk_att_section` (`section_id`);

--
-- Indexes for table `attendance_deadline_extensions`
--
ALTER TABLE `attendance_deadline_extensions`
  ADD PRIMARY KEY (`id`);

--
-- Indexes for table `departments`
--
ALTER TABLE `departments`
  ADD PRIMARY KEY (`id`),
  ADD UNIQUE KEY `name` (`name`),
  ADD UNIQUE KEY `hod_user_id` (`hod_user_id`);

--
-- Indexes for table `faculty_assignments`
--
ALTER TABLE `faculty_assignments`
  ADD PRIMARY KEY (`id`),
  ADD UNIQUE KEY `unique_assignment` (`teacher_user_id`,`subject_id`,`section_id`,`academic_year`) COMMENT 'Prevent duplicate assignments';

--
-- Indexes for table `notifications`
--
ALTER TABLE `notifications`
  ADD PRIMARY KEY (`id`),
  ADD KEY `fk_notif_user` (`user_id`),
  ADD KEY `fk_notif_sender` (`sender_id`);

--
-- Indexes for table `password_resets`
--
ALTER TABLE `password_resets`
  ADD PRIMARY KEY (`id`);

--
-- Indexes for table `programs`
--
ALTER TABLE `programs`
  ADD PRIMARY KEY (`id`);

--
-- Indexes for table `sections`
--
ALTER TABLE `sections`
  ADD PRIMARY KEY (`id`),
  ADD UNIQUE KEY `unique_section` (`program_id`,`year`,`section_name`) COMMENT 'Unique combination of program, year, and section';

--
-- Indexes for table `settings`
--
ALTER TABLE `settings`
  ADD PRIMARY KEY (`id`),
  ADD KEY `user_id` (`user_id`);

--
-- Indexes for table `subjects`
--
ALTER TABLE `subjects`
  ADD PRIMARY KEY (`id`),
  ADD UNIQUE KEY `name` (`name`),
  ADD UNIQUE KEY `code` (`code`);

--
-- Indexes for table `users`
--
ALTER TABLE `users`
  ADD PRIMARY KEY (`id`),
  ADD UNIQUE KEY `email` (`email`),
  ADD KEY `fk_user_dept` (`department_id`),
  ADD KEY `fk_user_prog` (`program_id`),
  ADD KEY `fk_user_sec` (`section_id`),
  ADD KEY `fk_user_parent_link` (`parent_id`);

--
-- AUTO_INCREMENT for dumped tables
--

--
-- AUTO_INCREMENT for table `attendance`
--
ALTER TABLE `attendance`
  MODIFY `id` int(11) NOT NULL AUTO_INCREMENT, AUTO_INCREMENT=816;

--
-- AUTO_INCREMENT for table `attendance_deadline_extensions`
--
ALTER TABLE `attendance_deadline_extensions`
  MODIFY `id` int(11) NOT NULL AUTO_INCREMENT, AUTO_INCREMENT=8;

--
-- AUTO_INCREMENT for table `departments`
--
ALTER TABLE `departments`
  MODIFY `id` int(11) NOT NULL AUTO_INCREMENT, AUTO_INCREMENT=4;

--
-- AUTO_INCREMENT for table `faculty_assignments`
--
ALTER TABLE `faculty_assignments`
  MODIFY `id` int(11) NOT NULL AUTO_INCREMENT, AUTO_INCREMENT=13;

--
-- AUTO_INCREMENT for table `notifications`
--
ALTER TABLE `notifications`
  MODIFY `id` int(11) NOT NULL AUTO_INCREMENT, AUTO_INCREMENT=18;

--
-- AUTO_INCREMENT for table `password_resets`
--
ALTER TABLE `password_resets`
  MODIFY `id` int(11) NOT NULL AUTO_INCREMENT;

--
-- AUTO_INCREMENT for table `programs`
--
ALTER TABLE `programs`
  MODIFY `id` int(11) NOT NULL AUTO_INCREMENT, AUTO_INCREMENT=6;

--
-- AUTO_INCREMENT for table `sections`
--
ALTER TABLE `sections`
  MODIFY `id` int(11) NOT NULL AUTO_INCREMENT, AUTO_INCREMENT=7;

--
-- AUTO_INCREMENT for table `settings`
--
ALTER TABLE `settings`
  MODIFY `id` int(11) NOT NULL AUTO_INCREMENT;

--
-- AUTO_INCREMENT for table `subjects`
--
ALTER TABLE `subjects`
  MODIFY `id` int(11) NOT NULL AUTO_INCREMENT, AUTO_INCREMENT=14;

--
-- AUTO_INCREMENT for table `users`
--
ALTER TABLE `users`
  MODIFY `id` int(11) NOT NULL AUTO_INCREMENT, AUTO_INCREMENT=280;
COMMIT;

/*!40101 SET CHARACTER_SET_CLIENT=@OLD_CHARACTER_SET_CLIENT */;
/*!40101 SET CHARACTER_SET_RESULTS=@OLD_CHARACTER_SET_RESULTS */;
/*!40101 SET COLLATION_CONNECTION=@OLD_COLLATION_CONNECTION */;
